DATE,DGS2,DGS5,DGS10
2014-12-03,0.57,1.61,2.29
2014-12-04,0.55,1.59,2.25
2014-12-05,0.65,1.69,2.31
2014-12-08,0.64,1.67,2.26
2014-12-09,0.64,1.63,2.22
2014-12-10,0.59,1.58,2.18
2014-12-12,0.56,1.53,2.10
2014-12-15,0.60,1.58,2.12
2014-12-16,0.58,1.53,2.07
2014-12-17,0.62,1.61,2.14
2014-12-18,0.67,1.68,2.22
2014-12-19,0.67,1.66,2.17
2014-12-22,0.71,1.67,2.17
2014-12-23,0.73,1.76,2.26
2014-12-24,0.73,1.76,2.27
2014-12-25,.,.,.
2014-12-26,0.73,1.75,2.25
2014-12-29,0.72,1.72,2.22
2014-12-30,0.69,1.68,2.20
2015-01-01,.,.,.
2015-01-02,0.66,1.61,2.12
2015-01-06,0.65,1.50,1.97
2015-01-07,0.62,1.47,1.96
2015-01-08,0.62,1.50,2.03
2015-01-09,0.59,1.45,1.98
2015-01-12,0.56,1.39,1.92
2015-01-13,0.54,1.37,1.91
2015-01-15,0.44,1.22,1.77
2015-01-16,0.49,1.29,1.83
2015-01-19,.,.,.
2015-01-20,0.53,1.31,1.82
2015-01-21,0.53,1.35,1.87
2015-01-22,0.53,1.39,1.90
2015-01-23,0.52,1.33,1.81
2015-01-27,0.54,1.34,1.83
2015-01-28,0.50,1.25,1.73
2015-01-29,0.51,1.28,1.77
2015-01-30,0.47,1.18,1.68
2015-02-02,0.49,1.19,1.68
2015-02-03,0.52,1.28,1.79
2015-02-04,0.52,1.29,1.81
2015-02-05,0.52,1.30,1.83
2015-02-06,0.65,1.48,1.95
2015-02-11,0.67,1.53,2.00
2015-02-12,0.61,1.50,1.99
2015-02-13,0.66,1.53,2.02
2015-02-16,.,.,.
2015-02-17,0.70,1.62,2.14
2015-02-18,0.62,1.52,2.07
2015-02-19,0.67,1.58,2.11
2015-02-20,0.67,1.61,2.13
2015-02-23,0.64,1.56,2.06
2015-02-24,0.60,1.47,1.99
2015-02-25,0.61,1.47,1.96
2015-02-26,0.66,1.54,2.03
2015-02-27,0.63,1.50,2.00
2015-03-02,0.66,1.57,2.08
2015-03-04,0.66,1.60,2.12
2015-03-05,0.65,1.57,2.11
2015-03-06,0.73,1.70,2.24
2015-03-09,0.70,1.66,2.20
2015-03-10,0.70,1.62,2.14
2015-03-11,0.70,1.60,2.11
2015-03-12,0.67,1.59,2.10
2015-03-13,0.68,1.60,2.13
2015-03-16,0.66,1.57,2.10
2015-03-17,0.70,1.56,2.06
2015-03-18,0.57,1.41,1.93
2015-03-19,0.63,1.48,1.98
2015-03-23,0.60,1.41,1.92
2015-03-26,0.61,1.47,2.01
2015-03-27,0.58,1.42,1.95
2015-03-31,0.56,1.37,1.94
2015-04-01,0.55,1.32,1.87
2015-04-03,0.49,1.26,1.85
2015-04-08,0.54,1.35,1.92
2015-04-09,0.56,1.40,1.97
2015-04-10,0.57,1.41,1.96
2015-04-13,0.54,1.38,1.94
2015-04-14,0.53,1.34,1.90
2015-04-15,0.51,1.33,1.91
2015-04-16,0.50,1.31,1.90
2015-04-17,0.51,1.31,1.87
2015-04-20,0.55,1.33,1.90
2015-04-22,0.57,1.41,1.99
2015-04-23,0.55,1.37,1.96
2015-04-24,0.54,1.34,1.93
2015-04-27,0.54,1.36,1.94
2015-04-28,0.56,1.39,2.00
2015-04-29,0.56,1.43,2.06
2015-04-30,0.58,1.43,2.05
2015-05-01,0.60,1.50,2.12
2015-05-05,0.62,1.54,2.19
2015-05-07,0.63,1.55,2.18
2015-05-11,0.62,1.59,2.28
2015-05-12,0.61,1.58,2.28
2015-05-13,0.59,1.57,2.27
2015-05-18,0.58,1.54,2.23
2015-05-19,0.63,1.60,2.27
2015-05-20,0.60,1.57,2.26
2015-05-21,0.60,1.53,2.19
2015-05-22,0.64,1.57,2.21
2015-05-25,.,.,.
2015-05-26,0.64,1.54,2.14
2015-05-27,0.64,1.53,2.14
2015-05-28,0.62,1.51,2.13
2015-05-29,0.61,1.49,2.12
2015-06-01,0.64,1.55,2.19
2015-06-02,0.64,1.61,2.27
2015-06-03,0.69,1.69,2.38
2015-06-04,0.66,1.65,2.31
2015-06-05,0.73,1.75,2.41
2015-06-08,0.70,1.72,2.39
2015-06-09,0.72,1.74,2.42
2015-06-10,0.75,1.80,2.50
2015-06-11,0.73,1.74,2.39
2015-06-12,0.74,1.75,2.39
2015-06-16,0.71,1.68,2.32
2015-06-17,0.67,1.63,2.32
2015-06-18,0.66,1.65,2.35
2015-06-19,0.65,1.59,2.26
2015-06-22,0.68,1.68,2.37
2015-06-24,0.68,1.69,2.38
2015-06-25,0.68,1.70,2.40
2015-06-26,0.72,1.75,2.49
2015-06-30,0.64,1.63,2.35
2015-07-01,0.69,1.70,2.43
2015-07-02,0.64,1.64,2.40
2015-07-06,0.60,1.56,2.30
2015-07-07,0.58,1.55,2.27
2015-07-08,0.55,1.50,2.22
2015-07-09,0.60,1.58,2.32
2015-07-10,0.65,1.68,2.42
2015-07-14,0.66,1.67,2.41
2015-07-15,0.64,1.63,2.36
2015-07-16,0.67,1.66,2.36
2015-07-17,0.68,1.67,2.34
2015-07-20,0.71,1.72,2.38
2015-07-21,0.71,1.69,2.35
2015-07-22,0.75,1.69,2.33
2015-07-23,0.71,1.65,2.28
2015-07-24,0.70,1.64,2.27
2015-07-28,0.69,1.61,2.26
2015-07-29,0.70,1.62,2.29
2015-07-31,0.67,1.54,2.20
2015-08-03,0.68,1.52,2.16
2015-08-04,0.74,1.60,2.23
2015-08-06,0.71,1.62,2.23
2015-08-07,0.73,1.59,2.18
2015-08-10,0.73,1.62,2.24
2015-08-12,0.67,1.52,2.14
2015-08-13,0.72,1.58,2.19
2015-08-14,0.73,1.61,2.20
2015-08-17,0.72,1.58,2.16
2015-08-18,0.74,1.60,2.20
2015-08-19,0.67,1.50,2.12
2015-08-20,0.69,1.50,2.09
2015-08-21,0.64,1.44,2.05
2015-08-26,0.67,1.49,2.18
2015-08-27,0.68,1.49,2.18
2015-08-28,0.72,1.52,2.19
2015-08-31,0.74,1.54,2.21
2015-09-01,0.70,1.49,2.17
2015-09-02,0.72,1.52,2.20
2015-09-04,0.71,1.47,2.13
2015-09-07,.,.,.
2015-09-09,0.75,1.53,2.21
2015-09-10,0.75,1.55,2.23
2015-09-11,0.71,1.52,2.20
2015-09-14,0.73,1.51,2.18
2015-09-15,0.82,1.61,2.28
2015-09-16,0.82,1.62,2.30
2015-09-17,0.70,1.50,2.21
2015-09-22,0.69,1.44,2.14
2015-09-24,0.67,1.44,2.13
2015-09-28,0.67,1.42,2.10
2015-09-29,0.64,1.37,2.05
2015-09-30,0.64,1.37,2.06
2015-10-01,0.64,1.37,2.05
2015-10-05,0.61,1.35,2.07
2015-10-06,0.61,1.34,2.05
2015-10-07,0.65,1.37,2.08
2015-10-08,0.65,1.40,2.12
2015-10-09,0.65,1.41,2.12
2015-10-12,.,.,.
2015-10-15,0.61,1.34,2.04
2015-10-16,0.61,1.36,2.04
2015-10-19,0.61,1.35,2.04
2015-10-20,0.66,1.40,2.08
2015-10-21,0.64,1.37,2.04
2015-10-22,0.61,1.36,2.04
2015-10-23,0.66,1.43,2.09
2015-10-26,0.66,1.41,2.07
2015-10-27,0.65,1.38,2.05
2015-10-29,0.75,1.53,2.19
2015-10-30,0.75,1.52,2.16
2015-11-02,0.77,1.57,2.20
2015-11-03,0.80,1.59,2.23
2015-11-04,0.84,1.64,2.25
2015-11-06,0.90,1.73,2.34
2015-11-09,0.89,1.75,2.36
2015-11-10,0.87,1.72,2.32
2015-11-11,.,.,.
2015-11-12,0.89,1.73,2.32
2015-11-13,0.86,1.67,2.28
2015-11-16,0.88,1.66,2.27
2015-11-17,0.86,1.66,2.25
2015-11-18,0.90,1.69,2.27
2015-11-19,0.91,1.68,2.24
2015-11-20,0.93,1.70,2.26
2015-11-23,0.94,1.70,2.25
2015-11-25,0.93,1.66,2.23
2015-11-26,.,.,.
2015-11-27,0.92,1.64,2.22
2015-11-30,0.94,1.65,2.21
2015-12-01,0.91,1.59,2.15
2015-12-02,0.94,1.63,2.18
2015-12-03,0.96,1.74,2.33
2015-12-04,0.96,1.71,2.28
2015-12-07,0.94,1.67,2.23
2015-12-08,0.94,1.68,2.24
2015-12-09,0.93,1.64,2.22
2015-12-10,0.95,1.68,2.24
2015-12-11,0.88,1.56,2.13
2015-12-14,0.97,1.66,2.23
2015-12-15,0.98,1.71,2.28
2015-12-16,1.02,1.75,2.30
2015-12-17,1.00,1.73,2.24
2015-12-21,0.96,1.67,2.20
2015-12-23,1.01,1.74,2.27
2015-12-24,1.03,1.73,2.25
2015-12-28,1.05,1.73,2.24
2015-12-29,1.09,1.81,2.32
2015-12-30,1.08,1.80,2.31
2015-12-31,1.06,1.76,2.27
2016-01-01,.,.,.
2016-01-04,1.02,1.73,2.24
2016-01-05,1.04,1.73,2.25
2016-01-06,0.99,1.65,2.18
2016-01-07,0.96,1.61,2.16
2016-01-08,0.94,1.57,2.13
2016-01-11,0.94,1.58,2.17
2016-01-12,0.93,1.55,2.12
2016-01-13,0.91,1.51,2.08
2016-01-14,0.90,1.52,2.10
2016-01-15,0.85,1.46,2.03
2016-01-18,.,.,.
2016-01-19,0.88,1.49,2.06
2016-01-20,0.85,1.44,2.01
2016-01-21,0.84,1.44,2.02
2016-01-22,0.88,1.49,2.07
2016-01-25,0.88,1.47,2.03
2016-01-26,0.85,1.45,2.01
2016-01-27,0.84,1.43,2.02
2016-01-28,0.83,1.40,2.00
2016-01-29,0.76,1.33,1.94
2016-02-01,0.81,1.38,1.97
2016-02-02,0.75,1.28,1.87
2016-02-03,0.72,1.27,1.88
2016-02-04,0.70,1.25,1.87
2016-02-05,0.74,1.25,1.86
2016-02-08,0.66,1.16,1.75
2016-02-09,0.69,1.15,1.74
2016-02-10,0.71,1.15,1.71
2016-02-11,0.64,1.11,1.63
2016-02-12,0.71,1.20,1.74
2016-02-16,0.74,1.23,1.78
2016-02-17,0.74,1.26,1.81
2016-02-18,0.71,1.21,1.75
2016-02-22,0.78,1.25,1.77
2016-02-24,0.75,1.21,1.75
2016-02-25,0.72,1.16,1.71
2016-02-26,0.80,1.23,1.76
2016-02-29,0.78,1.22,1.74
2016-03-01,0.85,1.31,1.83
2016-03-02,0.85,1.34,1.84
2016-03-03,0.85,1.33,1.83
2016-03-04,0.88,1.38,1.88
2016-03-08,0.88,1.34,1.83
2016-03-09,0.90,1.39,1.90
2016-03-10,0.93,1.45,1.93
2016-03-11,0.97,1.49,1.98
2016-03-15,0.98,1.50,1.97
2016-03-16,0.87,1.41,1.94
2016-03-18,0.84,1.34,1.88
2016-03-21,0.87,1.38,1.92
2016-03-22,0.91,1.42,1.94
2016-03-23,0.87,1.37,1.88
2016-03-24,0.89,1.39,1.91
2016-03-25,.,.,.
2016-03-28,0.89,1.37,1.89
2016-03-29,0.78,1.29,1.81
2016-03-31,0.73,1.21,1.78
2016-04-01,0.76,1.24,1.79
2016-04-04,0.75,1.22,1.78
2016-04-05,0.72,1.17,1.73
2016-04-08,0.70,1.16,1.72
2016-04-12,0.74,1.22,1.79
2016-04-14,0.77,1.26,1.80
2016-04-15,0.74,1.22,1.76
2016-04-18,0.75,1.24,1.78
2016-04-19,0.77,1.26,1.79
2016-04-20,0.80,1.32,1.85
2016-04-21,0.82,1.35,1.88
2016-04-22,0.84,1.37,1.89
2016-04-25,0.85,1.38,1.91
2016-04-26,0.86,1.40,1.94
2016-04-27,0.83,1.33,1.87
2016-04-28,0.78,1.28,1.84
2016-04-29,0.77,1.28,1.83
2016-05-02,0.80,1.32,1.88
2016-05-03,0.75,1.25,1.81
2016-05-04,0.75,1.23,1.79
2016-05-05,0.72,1.20,1.76
2016-05-06,0.74,1.23,1.79
2016-05-10,0.72,1.20,1.77
2016-05-11,0.74,1.20,1.73
2016-05-12,0.76,1.24,1.75
2016-05-13,0.76,1.22,1.71
2016-05-16,0.79,1.26,1.75
2016-05-17,0.82,1.29,1.76
2016-05-19,0.89,1.38,1.85
2016-05-20,0.89,1.38,1.85
2016-05-23,0.91,1.38,1.84
2016-05-24,0.92,1.41,1.86
2016-05-25,0.92,1.40,1.87
2016-05-26,0.87,1.35,1.83
2016-05-27,0.90,1.39,1.85
2016-05-30,.,.,.
2016-05-31,0.87,1.37,1.84
2016-06-01,0.91,1.39,1.85
2016-06-02,0.89,1.36,1.81
2016-06-03,0.78,1.23,1.71
2016-06-08,0.78,1.23,1.71
2016-06-09,0.77,1.22,1.68
2016-06-10,0.73,1.17,1.64
2016-06-15,0.69,1.10,1.60
2016-06-16,0.70,1.10,1.57
2016-06-17,0.70,1.13,1.62
2016-06-20,0.74,1.17,1.67
2016-06-21,0.76,1.22,1.71
2016-06-22,0.75,1.20,1.69
2016-06-23,0.78,1.25,1.74
2016-06-24,0.64,1.08,1.57
2016-06-27,0.61,1.00,1.46
2016-06-28,0.61,1.00,1.46
2016-06-29,0.62,1.03,1.50
2016-06-30,0.58,1.01,1.49
2016-07-01,0.59,1.00,1.46
2016-07-05,0.56,0.94,1.37
2016-07-06,0.58,0.95,1.38
2016-07-07,0.58,0.97,1.40
2016-07-08,0.61,0.95,1.37
2016-07-11,0.66,1.03,1.43
2016-07-12,0.69,1.10,1.53
2016-07-13,0.68,1.07,1.48
2016-07-14,0.68,1.10,1.53
2016-07-15,0.71,1.15,1.60
2016-07-18,0.68,1.14,1.59
2016-07-19,0.70,1.12,1.56
2016-07-20,0.73,1.15,1.59
2016-07-21,0.70,1.11,1.57
2016-07-22,0.71,1.13,1.57
2016-07-26,0.75,1.15,1.57
2016-07-27,0.73,1.10,1.52
2016-07-28,0.72,1.09,1.52
2016-07-29,0.67,1.03,1.46
2016-08-02,0.67,1.07,1.55
2016-08-03,0.67,1.07,1.55
2016-08-04,0.64,1.03,1.51
2016-08-08,0.74,1.15,1.59
2016-08-09,0.71,1.11,1.55
2016-08-10,0.69,1.07,1.50
2016-08-11,0.76,1.16,1.57
2016-08-12,0.71,1.10,1.51
2016-08-15,0.72,1.14,1.55
2016-08-17,0.74,1.15,1.56
2016-08-18,0.71,1.12,1.53
2016-08-19,0.76,1.17,1.58
2016-08-22,0.76,1.15,1.55
2016-08-24,0.76,1.13,1.56
2016-08-25,0.78,1.16,1.58
2016-08-26,0.84,1.23,1.62
2016-08-29,0.81,1.18,1.57
2016-08-31,0.80,1.19,1.58
2016-09-01,0.78,1.18,1.57
2016-09-02,0.80,1.20,1.60
2016-09-05,.,.,.
2016-09-06,0.74,1.13,1.55
2016-09-09,0.79,1.23,1.67
2016-09-12,0.79,1.21,1.68
2016-09-14,0.77,1.21,1.70
2016-09-15,0.74,1.20,1.71
2016-09-20,0.79,1.20,1.69
2016-09-21,0.79,1.20,1.66
2016-09-22,0.79,1.18,1.63
2016-09-23,0.77,1.16,1.62
2016-09-26,0.76,1.13,1.59
2016-09-27,0.75,1.12,1.56
2016-09-28,0.75,1.13,1.57
2016-09-29,0.73,1.12,1.56
2016-09-30,0.77,1.14,1.60
2016-10-03,0.80,1.18,1.63
2016-10-04,0.82,1.22,1.69
2016-10-05,0.85,1.26,1.72
2016-10-07,0.83,1.26,1.73
2016-10-10,.,.,.
2016-10-11,0.87,1.30,1.77
2016-10-12,0.87,1.31,1.79
2016-10-14,0.84,1.28,1.80
2016-10-17,0.81,1.26,1.77
2016-10-18,0.82,1.24,1.75
2016-10-19,0.81,1.24,1.76
2016-10-20,0.84,1.26,1.76
2016-10-21,0.84,1.25,1.74
2016-10-24,0.84,1.27,1.77
2016-10-25,0.86,1.29,1.77
2016-10-26,0.86,1.30,1.79
2016-11-01,0.83,1.30,1.83
2016-11-03,0.81,1.26,1.82
2016-11-04,0.80,1.24,1.79
2016-11-07,0.82,1.29,1.83
2016-11-08,0.87,1.34,1.88
2016-11-09,0.90,1.49,2.07
2016-11-14,1.00,1.66,2.23
2016-11-15,1.02,1.68,2.23
2016-11-16,1.00,1.68,2.22
2016-11-17,1.04,1.73,2.29
2016-11-18,1.07,1.80,2.34
2016-11-21,1.08,1.79,2.33
2016-11-22,1.07,1.77,2.31
2016-11-23,1.12,1.83,2.36
2016-11-24,.,.,.
2016-11-25,1.12,1.83,2.36
2016-11-28,1.11,1.80,2.32
2016-11-29,1.09,1.78,2.30
2016-11-30,1.11,1.83,2.37
2016-12-01,1.14,1.90,2.45
2016-12-02,1.11,1.84,2.40
2016-12-05,1.13,1.84,2.39
2016-12-06,1.12,1.84,2.39
2016-12-07,1.10,1.80,2.34
2016-12-08,1.12,1.83,2.40
2016-12-12,1.15,1.90,2.49
2016-12-13,1.17,1.92,2.48
2016-12-14,1.27,2.02,2.54
2016-12-15,1.29,2.10,2.60
2016-12-16,1.28,2.07,2.60
2016-12-19,1.24,2.03,2.54
2016-12-20,1.25,2.06,2.57
2016-12-21,1.21,2.04,2.55
2016-12-22,1.22,2.04,2.55
2016-12-28,1.26,2.02,2.51
2016-12-29,1.22,1.96,2.49
2016-12-30,1.20,1.93,2.45
2017-01-02,.,.,.
2017-01-03,1.22,1.94,2.45
2017-01-04,1.24,1.94,2.46
2017-01-05,1.17,1.86,2.37
2017-01-06,1.22,1.92,2.42
2017-01-09,1.21,1.89,2.38
2017-01-10,1.19,1.89,2.38
2017-01-11,1.20,1.89,2.38
2017-01-13,1.21,1.90,2.40
2017-01-16,.,.,.
2017-01-18,1.23,1.93,2.42
2017-01-19,1.25,1.97,2.47
2017-01-20,1.20,1.95,2.48
2017-01-23,1.16,1.88,2.41
2017-01-26,1.21,1.95,2.51
2017-01-27,1.22,1.94,2.49
2017-01-30,1.22,1.94,2.49
2017-01-31,1.19,1.90,2.45
2017-02-01,1.22,1.93,2.48
2017-02-02,1.21,1.92,2.48
2017-02-03,1.21,1.93,2.49
2017-02-06,1.16,1.86,2.42
2017-02-07,1.16,1.85,2.40
2017-02-08,1.15,1.81,2.34
2017-02-10,1.20,1.89,2.41
2017-02-13,1.20,1.92,2.43
2017-02-15,1.27,2.01,2.51
2017-02-16,1.22,1.95,2.45
2017-02-17,1.21,1.92,2.42
2017-02-20,.,.,.
2017-02-21,1.22,1.93,2.43
2017-02-22,1.22,1.92,2.42
2017-02-24,1.12,1.80,2.31
2017-02-27,1.20,1.87,2.36
2017-02-28,1.22,1.89,2.36
2017-03-01,1.29,1.99,2.46
2017-03-02,1.32,2.03,2.49
2017-03-03,1.32,2.02,2.49
2017-03-06,1.31,2.02,2.49
2017-03-07,1.32,2.05,2.52
2017-03-08,1.36,2.08,2.57
2017-03-09,1.37,2.13,2.60
2017-03-10,1.36,2.11,2.58
2017-03-13,1.40,2.14,2.62
2017-03-14,1.40,2.13,2.60
2017-03-15,1.33,2.02,2.51
2017-03-16,1.35,2.05,2.53
2017-03-20,1.30,2.00,2.47
2017-03-21,1.27,1.96,2.43
2017-03-22,1.27,1.95,2.40
2017-03-23,1.26,1.95,2.41
2017-03-24,1.26,1.93,2.40
2017-03-27,1.27,1.93,2.38
2017-03-28,1.30,1.97,2.42
2017-03-29,1.26,1.93,2.39
2017-03-30,1.28,1.96,2.42
2017-04-03,1.24,1.88,2.35
2017-04-04,1.25,1.88,2.36
2017-04-05,1.24,1.85,2.34
2017-04-07,1.29,1.92,2.38
2017-04-10,1.29,1.91,2.37
2017-04-11,1.24,1.84,2.32
2017-04-12,1.24,1.81,2.28
2017-04-13,1.21,1.77,2.24
2017-04-14,.,.,.
2017-04-17,1.21,1.79,2.26
2017-04-18,1.18,1.71,2.18
2017-04-19,1.19,1.74,2.21
2017-04-20,1.21,1.78,2.24
2017-04-21,1.20,1.77,2.24
2017-04-25,1.29,1.87,2.35
2017-04-26,1.28,1.84,2.32
2017-04-27,1.25,1.81,2.30
2017-04-28,1.28,1.81,2.29
2017-05-01,1.28,1.84,2.33
2017-05-02,1.27,1.81,2.29
2017-05-03,1.30,1.86,2.33
2017-05-04,1.32,1.88,2.36
2017-05-05,1.32,1.89,2.36
2017-05-08,1.33,1.91,2.39
2017-05-09,1.37,1.94,2.42
2017-05-10,1.35,1.94,2.41
2017-05-11,1.35,1.93,2.39
2017-05-12,1.29,1.85,2.33
2017-05-16,1.29,1.86,2.33
2017-05-19,1.28,1.79,2.23
2017-05-22,1.29,1.80,2.25
2017-05-23,1.31,1.84,2.29
2017-05-24,1.29,1.79,2.26
2017-05-25,1.30,1.78,2.25
2017-05-26,1.30,1.79,2.25
2017-05-29,.,.,.
2017-05-31,1.28,1.75,2.21
2017-06-01,1.28,1.76,2.21
2017-06-05,1.32,1.74,2.18
2017-06-06,1.30,1.71,2.14
2017-06-07,1.32,1.74,2.18
2017-06-09,1.35,1.77,2.21
2017-06-12,1.35,1.78,2.21
2017-06-13,1.38,1.79,2.21
2017-06-15,1.35,1.76,2.16
2017-06-16,1.32,1.75,2.16
2017-06-19,1.36,1.80,2.19
2017-06-20,1.36,1.77,2.16
2017-06-21,1.36,1.78,2.16
2017-06-22,1.34,1.76,2.15
2017-06-23,1.34,1.77,2.15
2017-06-26,1.36,1.77,2.14
2017-06-27,1.38,1.83,2.21
2017-06-28,1.34,1.81,2.22
2017-06-29,1.38,1.85,2.27
2017-06-30,1.38,1.89,2.31
2017-07-03,1.41,1.93,2.35
2017-07-04,.,.,.
2017-07-06,1.40,1.94,2.37
2017-07-07,1.40,1.95,2.39
2017-07-10,1.40,1.93,2.38
2017-07-11,1.37,1.92,2.37
2017-07-12,1.35,1.88,2.33
2017-07-13,1.37,1.89,2.35
2017-07-17,1.36,1.86,2.31
2017-07-18,1.36,1.82,2.27
2017-07-19,1.37,1.83,2.27
2017-07-20,1.37,1.82,2.27
2017-07-21,1.36,1.81,2.24
2017-07-24,1.37,1.83,2.26
2017-07-25,1.40,1.90,2.33
2017-07-31,1.34,1.84,2.30
2017-08-01,1.34,1.80,2.26
2017-08-02,1.36,1.82,2.27
2017-08-03,1.34,1.79,2.24
2017-08-04,1.36,1.82,2.27
2017-08-07,1.36,1.81,2.26
2017-08-09,1.33,1.81,2.24
2017-08-10,1.33,1.78,2.20
2017-08-11,1.30,1.74,2.19
2017-08-15,1.35,1.83,2.27
2017-08-16,1.33,1.79,2.23
2017-08-17,1.32,1.76,2.19
2017-08-18,1.33,1.77,2.19
2017-08-21,1.32,1.76,2.18
2017-08-22,1.33,1.80,2.22
2017-08-23,1.32,1.76,2.17
2017-08-24,1.33,1.78,2.19
2017-08-28,1.33,1.74,2.16
2017-08-29,1.33,1.70,2.13
2017-08-31,1.33,1.70,2.12
2017-09-05,1.30,1.65,2.07
2017-09-07,1.27,1.63,2.05
2017-09-08,1.27,1.64,2.06
2017-09-11,1.32,1.71,2.14
2017-09-12,1.33,1.75,2.17
2017-09-13,1.35,1.78,2.20
2017-09-14,1.37,1.79,2.20
2017-09-15,1.39,1.81,2.20
2017-09-19,1.40,1.84,2.24
2017-09-20,1.45,1.89,2.28
2017-09-22,1.46,1.88,2.26
2017-09-25,1.44,1.85,2.22
2017-09-26,1.45,1.87,2.24
2017-09-27,1.47,1.91,2.31
2017-09-28,1.45,1.89,2.31
2017-09-29,1.47,1.92,2.33
2017-10-02,1.49,1.94,2.34
2017-10-03,1.47,1.92,2.33
2017-10-04,1.47,1.92,2.33
2017-10-05,1.49,1.94,2.35
2017-10-06,1.54,1.97,2.37
2017-10-09,.,.,.
2017-10-10,1.51,1.95,2.35
2017-10-11,1.51,1.95,2.35
2017-10-12,1.51,1.95,2.33
2017-10-13,1.51,1.91,2.28
2017-10-16,1.54,1.95,2.30
2017-10-17,1.54,1.97,2.30
2017-10-18,1.59,1.99,2.34
2017-10-19,1.58,1.98,2.33
2017-10-20,1.60,2.03,2.39
2017-10-24,1.60,2.05,2.42
2017-10-25,1.61,2.06,2.44
2017-10-27,1.59,2.03,2.42
2017-10-30,1.58,2.00,2.37
2017-10-31,1.60,2.01,2.38
2017-11-01,1.61,2.01,2.37
2017-11-02,1.61,2.00,2.35
2017-11-06,1.61,1.99,2.32
2017-11-07,1.63,1.99,2.32
2017-11-08,1.65,2.01,2.32
2017-11-09,1.63,2.01,2.33
2017-11-10,1.67,2.06,2.40
2017-11-13,1.70,2.08,2.40
2017-11-14,1.68,2.06,2.38
2017-11-16,1.72,2.07,2.37
2017-11-17,1.73,2.06,2.35
2017-11-20,1.77,2.09,2.37
2017-11-21,1.77,2.11,2.36
2017-11-22,1.74,2.05,2.32
2017-11-23,.,.,.
2017-11-24,1.75,2.07,2.34
2017-11-27,1.74,2.06,2.32
2017-11-28,1.75,2.07,2.34
2017-11-29,1.78,2.09,2.37
2017-12-01,1.78,2.13,2.37
2017-12-04,1.80,2.15,2.37
2017-12-07,1.80,2.14,2.37
2017-12-08,1.80,2.14,2.38
2017-12-11,1.82,2.16,2.39
2017-12-12,1.83,2.18,2.40
2017-12-14,1.82,2.14,2.35
2017-12-15,1.84,2.16,2.35
2017-12-18,1.84,2.17,2.39
2017-12-20,1.87,2.24,2.49
2017-12-21,1.89,2.26,2.48
2017-12-22,1.91,2.26,2.48
2017-12-25,.,.,.
2017-12-26,1.92,2.25,2.47
2017-12-27,1.89,2.22,2.42
2017-12-28,1.91,2.23,2.43
2017-12-29,1.89,2.20,2.40
2018-01-01,.,.,.
2018-01-02,1.92,2.25,2.46
2018-01-03,1.94,2.25,2.44
2018-01-04,1.96,2.27,2.46
2018-01-05,1.96,2.29,2.47
2018-01-09,1.98,2.33,2.55
2018-01-10,1.98,2.32,2.55
2018-01-11,1.98,2.32,2.54
2018-01-12,1.99,2.35,2.55
2018-01-17,2.05,2.39,2.57
2018-01-18,2.05,2.43,2.62
2018-01-19,2.06,2.45,2.64
2018-01-22,2.08,2.46,2.66
2018-01-23,2.06,2.43,2.63
2018-01-24,2.08,2.43,2.65
2018-01-25,2.08,2.41,2.63
2018-01-26,2.13,2.47,2.66
2018-01-29,2.11,2.49,2.70
2018-01-30,2.13,2.51,2.73
2018-01-31,2.14,2.52,2.72
2018-02-02,2.15,2.58,2.84
2018-02-06,2.10,2.52,2.79
2018-02-07,2.15,2.57,2.84
2018-02-08,2.13,2.57,2.85
2018-02-09,2.05,2.52,2.83
2018-02-12,2.09,2.56,2.86
2018-02-13,2.10,2.54,2.83
2018-02-14,2.17,2.65,2.91
2018-02-16,2.21,2.63,2.87
2018-02-19,.,.,.
2018-02-21,2.26,2.69,2.94
2018-02-22,2.25,2.66,2.92
2018-02-23,2.25,2.62,2.88
2018-02-27,2.27,2.67,2.90
2018-03-01,2.22,2.58,2.81
2018-03-02,2.25,2.63,2.86
2018-03-05,2.24,2.65,2.88
2018-03-06,2.25,2.65,2.88
2018-03-07,2.25,2.65,2.89
2018-03-08,2.25,2.63,2.86
2018-03-09,2.27,2.65,2.90
2018-03-13,2.26,2.62,2.84
2018-03-14,2.26,2.61,2.81
2018-03-15,2.29,2.62,2.82
2018-03-16,2.31,2.65,2.85
2018-03-20,2.34,2.69,2.89
2018-03-21,2.31,2.69,2.89
2018-03-22,2.29,2.63,2.83
2018-03-23,2.28,2.61,2.82
2018-03-26,2.33,2.64,2.85
2018-03-27,2.26,2.58,2.78
2018-03-28,2.28,2.59,2.77
2018-03-30,.,.,.
2018-04-02,2.25,2.55,2.73
2018-04-04,2.28,2.61,2.79
2018-04-05,2.30,2.64,2.83
2018-04-06,2.27,2.58,2.77
2018-04-09,2.29,2.60,2.78
2018-04-10,2.32,2.62,2.80
2018-04-12,2.34,2.67,2.83
2018-04-13,2.37,2.67,2.82
2018-04-18,2.42,2.73,2.87
2018-04-19,2.44,2.77,2.92
2018-04-20,2.46,2.80,2.96
2018-04-23,2.49,2.83,2.98
2018-04-24,2.48,2.83,3.00
2018-04-26,2.49,2.82,3.00
2018-04-27,2.49,2.80,2.96
2018-05-01,2.50,2.82,2.97
2018-05-02,2.49,2.80,2.97
2018-05-03,2.49,2.78,2.94
2018-05-04,2.51,2.78,2.95
2018-05-07,2.49,2.78,2.95
2018-05-08,2.51,2.81,2.97
2018-05-10,2.54,2.83,2.97
2018-05-14,2.55,2.85,3.00
2018-05-15,2.58,2.92,3.08
2018-05-17,2.57,2.94,3.11
2018-05-21,2.58,2.90,3.06
2018-05-23,2.53,2.83,3.01
2018-05-24,2.50,2.82,2.98
2018-05-25,2.48,2.76,2.93
2018-05-28,.,.,.
2018-05-29,2.32,2.58,2.77
2018-05-31,2.40,2.68,2.83
2018-06-04,2.52,2.78,2.94
2018-06-05,2.49,2.76,2.92
2018-06-06,2.52,2.81,2.97
2018-06-07,2.50,2.77,2.93
2018-06-08,2.50,2.77,2.93
2018-06-11,2.52,2.80,2.96
2018-06-12,2.54,2.81,2.96
2018-06-14,2.59,2.81,2.94
2018-06-15,2.55,2.81,2.93
2018-06-18,2.56,2.80,2.92
2018-06-19,2.54,2.77,2.89
2018-06-20,2.56,2.80,2.93
2018-06-21,2.56,2.77,2.90
2018-06-22,2.56,2.77,2.90
2018-06-25,2.54,2.75,2.87
2018-06-26,2.53,2.75,2.88
2018-06-27,2.52,2.71,2.83
2018-06-29,2.52,2.73,2.85
2018-07-02,2.57,2.75,2.87
2018-07-03,2.53,2.72,2.83
2018-07-05,2.55,2.74,2.84
2018-07-06,2.53,2.71,2.82
2018-07-09,2.57,2.75,2.86
2018-07-10,2.59,2.77,2.87
2018-07-11,2.58,2.74,2.85
2018-07-12,2.60,2.75,2.85
2018-07-13,2.59,2.73,2.83
2018-07-16,2.59,2.75,2.85
2018-07-18,2.60,2.77,2.88
2018-07-19,2.60,2.74,2.84
2018-07-23,2.64,2.83,2.96
2018-07-25,2.66,2.82,2.94
2018-07-27,2.67,2.84,2.96
2018-07-30,2.66,2.85,2.98
2018-07-31,2.67,2.85,2.96
2018-08-01,2.67,2.87,3.00
2018-08-02,2.66,2.85,2.98
2018-08-03,2.63,2.82,2.95
2018-08-06,2.64,2.80,2.94
2018-08-08,2.68,2.83,2.96
2018-08-10,2.61,2.75,2.87
2018-08-13,2.61,2.75,2.88
2018-08-14,2.63,2.77,2.89
2018-08-15,2.61,2.73,2.86
2018-08-16,2.63,2.75,2.87
2018-08-17,2.61,2.75,2.87
2018-08-20,2.60,2.70,2.82
2018-08-22,2.60,2.70,2.82
2018-08-23,2.61,2.72,2.82
2018-08-24,2.63,2.72,2.82
2018-08-27,2.67,2.74,2.85
2018-08-30,2.64,2.75,2.86
2018-08-31,2.62,2.74,2.86
2018-09-03,.,.,.
2018-09-04,2.66,2.78,2.90
2018-09-05,2.66,2.77,2.90
2018-09-06,2.64,2.76,2.88
2018-09-07,2.71,2.82,2.94
2018-09-11,2.76,2.87,2.98
2018-09-13,2.76,2.87,2.97
2018-09-14,2.78,2.90,2.99
2018-09-17,2.78,2.89,2.99
2018-09-18,2.81,2.94,3.05
2018-09-19,2.81,2.96,3.08
2018-09-21,2.81,2.95,3.07
2018-09-24,2.83,2.96,3.08
2018-09-25,2.83,2.99,3.10
2018-09-26,2.83,2.96,3.06
2018-09-27,2.83,2.96,3.06
2018-09-28,2.81,2.94,3.05
2018-10-01,2.82,2.96,3.09
2018-10-04,2.87,3.05,3.19
2018-10-05,2.88,3.07,3.23
2018-10-08,.,.,.
2018-10-09,2.88,3.05,3.21
2018-10-10,2.88,3.05,3.22
2018-10-11,2.85,3.00,3.14
2018-10-12,2.85,3.00,3.15
2018-10-15,2.85,3.01,3.16
2018-10-16,2.87,3.02,3.16
2018-10-17,2.89,3.04,3.19
2018-10-18,2.87,3.03,3.17
2018-10-19,2.92,3.05,3.20
2018-10-22,2.92,3.05,3.20
2018-10-23,2.89,3.01,3.17
2018-10-24,2.84,2.94,3.10
2018-10-25,2.86,2.98,3.14
2018-10-26,2.81,2.91,3.08
2018-10-29,2.81,2.91,3.08
2018-10-31,2.87,2.98,3.15
2018-11-02,2.91,3.04,3.22
2018-11-05,2.91,3.03,3.20
2018-11-06,2.93,3.05,3.22
2018-11-07,2.96,3.07,3.22
2018-11-08,2.98,3.09,3.24
2018-11-09,2.94,3.05,3.19
2018-11-12,.,.,.
2018-11-14,2.86,2.95,3.12
2018-11-19,2.79,2.87,3.06
2018-11-20,2.79,2.88,3.06
2018-11-21,2.81,2.89,3.06
2018-11-23,2.81,2.88,3.05
2018-11-27,2.83,2.89,3.06
2018-11-28,2.81,2.87,3.06
2018-11-30,2.80,2.84,3.01
2018-12-04,2.80,2.79,2.91
2018-12-06,2.75,2.75,2.87
2018-12-10,2.72,2.71,2.85
2018-12-11,2.78,2.75,2.89
2018-12-12,2.77,2.77,2.91
2018-12-14,2.73,2.73,2.89
2018-12-17,2.70,2.69,2.86
2018-12-19,2.63,2.62,2.77
2018-12-20,2.67,2.65,2.79
2018-12-21,2.63,2.64,2.79
2018-12-25,.,.,.
2018-12-27,2.56,2.60,2.77
2018-12-28,2.52,2.56,2.72
2018-12-31,2.48,2.51,2.69
2019-01-01,.,.,.
2019-01-03,2.39,2.37,2.56
2019-01-04,2.50,2.49,2.67
2019-01-08,2.58,2.58,2.73
2019-01-09,2.56,2.57,2.74
2019-01-10,2.56,2.56,2.74
2019-01-11,2.55,2.52,2.71
2019-01-14,2.53,2.53,2.71
2019-01-15,2.53,2.53,2.72
2019-01-17,2.56,2.58,2.75
2019-01-21,.,.,.
2019-01-22,2.58,2.57,2.74
2019-01-23,2.58,2.59,2.76
2019-01-24,2.56,2.55,2.72
2019-01-25,2.60,2.59,2.76
2019-01-28,2.60,2.58,2.75
2019-01-30,2.52,2.49,2.70
2019-02-01,2.52,2.51,2.70
2019-02-05,2.53,2.51,2.71
2019-02-07,2.48,2.46,2.65
2019-02-08,2.45,2.44,2.63
2019-02-11,2.48,2.47,2.65
2019-02-12,2.50,2.49,2.68
2019-02-13,2.53,2.53,2.71
2019-02-14,2.50,2.48,2.66
2019-02-15,2.52,2.49,2.66
2019-02-18,.,.,.
2019-02-19,2.50,2.47,2.65
2019-02-20,2.50,2.47,2.65
2019-02-21,2.53,2.51,2.69
2019-02-22,2.48,2.47,2.65
2019-02-25,2.51,2.48,2.67
2019-02-26,2.48,2.45,2.64
2019-02-27,2.50,2.49,2.69
2019-02-28,2.52,2.52,2.73
2019-03-01,2.55,2.56,2.76
2019-03-04,2.55,2.53,2.72
2019-03-05,2.55,2.53,2.72
2019-03-06,2.52,2.49,2.69
2019-03-08,2.45,2.42,2.62
2019-03-11,2.47,2.44,2.64
2019-03-12,2.45,2.41,2.61
2019-03-13,2.45,2.42,2.61
2019-03-15,2.43,2.40,2.59
2019-03-18,2.45,2.42,2.60
2019-03-21,2.41,2.34,2.54
2019-03-22,2.31,2.24,2.44
2019-03-26,2.24,2.18,2.41
2019-03-27,2.22,2.18,2.39
2019-03-28,2.23,2.20,2.39
2019-03-29,2.27,2.23,2.41
2019-04-02,2.30,2.28,2.48
2019-04-03,2.33,2.32,2.52
2019-04-04,2.33,2.32,2.51
2019-04-08,2.36,2.33,2.52
2019-04-09,2.35,2.31,2.51
2019-04-10,2.31,2.28,2.48
2019-04-11,2.35,2.31,2.51
2019-04-12,2.40,2.38,2.56
2019-04-15,2.40,2.37,2.55
2019-04-16,2.41,2.41,2.60
2019-04-17,2.40,2.40,2.59
2019-04-18,2.38,2.38,2.57
2019-04-19,.,.,.
2019-04-22,2.38,2.39,2.59
2019-04-23,2.36,2.36,2.57
2019-04-24,2.32,2.32,2.53
2019-04-26,2.28,2.29,2.51
2019-04-29,2.30,2.32,2.54
2019-05-01,2.31,2.31,2.52
2019-05-02,2.35,2.34,2.55
2019-05-03,2.33,2.33,2.54
2019-05-06,2.31,2.30,2.51
2019-05-07,2.28,2.25,2.45
2019-05-08,2.30,2.28,2.49
2019-05-10,2.26,2.26,2.47
2019-05-13,2.18,2.18,2.40
2019-05-14,2.20,2.20,2.42
2019-05-16,2.20,2.18,2.40
2019-05-17,2.20,2.17,2.39
2019-05-20,2.21,2.21,2.41
2019-05-21,2.26,2.23,2.43
2019-05-22,2.23,2.19,2.39
2019-05-23,2.12,2.11,2.31
2019-05-24,2.16,2.12,2.32
2019-05-27,.,.,.
2019-05-28,2.12,2.06,2.26
2019-05-29,2.09,2.05,2.25
2019-05-31,1.95,1.93,2.14
2019-06-03,1.82,1.83,2.07
2019-06-04,1.88,1.89,2.12
2019-06-05,1.83,1.86,2.12
2019-06-06,1.88,1.88,2.12
2019-06-07,1.85,1.85,2.09
2019-06-10,1.90,1.91,2.15
2019-06-11,1.93,1.92,2.15
2019-06-12,1.88,1.88,2.13
2019-06-13,1.83,1.84,2.10
2019-06-14,1.84,1.85,2.09
2019-06-18,1.86,1.83,2.06
2019-06-20,1.72,1.74,2.01
2019-06-21,1.77,1.80,2.07
2019-06-27,1.74,1.76,2.01
2019-06-28,1.75,1.76,2.00
2019-07-01,1.78,1.79,2.03
2019-07-02,1.77,1.75,1.98
2019-07-03,1.77,1.74,1.96
2019-07-04,.,.,.
2019-07-05,1.87,1.84,2.04
2019-07-08,1.88,1.86,2.05
2019-07-09,1.92,1.88,2.07
2019-07-10,1.82,1.82,2.07
2019-07-11,1.85,1.88,2.13
2019-07-15,1.83,1.84,2.09
2019-07-16,1.87,1.88,2.13
2019-07-18,1.77,1.78,2.04
2019-07-19,1.80,1.80,2.05
2019-07-22,1.80,1.80,2.05
2019-07-23,1.83,1.83,2.08
2019-07-24,1.83,1.82,2.05
2019-07-25,1.86,1.85,2.08
2019-07-26,1.86,1.85,2.08
2019-07-29,1.85,1.84,2.06
2019-07-30,1.85,1.84,2.06
2019-07-31,1.89,1.84,2.02
2019-08-05,1.59,1.55,1.75
2019-08-06,1.60,1.53,1.73
2019-08-07,1.59,1.52,1.71
2019-08-08,1.62,1.54,1.72
2019-08-09,1.63,1.57,1.74
2019-08-12,1.58,1.49,1.65
2019-08-13,1.66,1.57,1.68
2019-08-14,1.58,1.51,1.59
2019-08-15,1.48,1.42,1.52
2019-08-16,1.48,1.42,1.55
2019-08-19,1.53,1.47,1.60
2019-08-20,1.50,1.42,1.55
2019-08-21,1.56,1.47,1.59
2019-08-22,1.61,1.50,1.62
2019-08-26,1.54,1.43,1.54
2019-08-27,1.53,1.40,1.49
2019-08-28,1.50,1.37,1.47
2019-08-29,1.53,1.40,1.50
2019-08-30,1.50,1.39,1.50
2019-09-02,.,.,.
2019-09-03,1.47,1.35,1.47
2019-09-04,1.43,1.32,1.47
2019-09-05,1.55,1.43,1.57
2019-09-06,1.53,1.42,1.55
2019-09-09,1.58,1.49,1.63
2019-09-10,1.67,1.58,1.72
2019-09-11,1.68,1.60,1.75
2019-09-13,1.79,1.75,1.90
2019-09-16,1.74,1.69,1.84
2019-09-17,1.72,1.66,1.81
2019-09-19,1.74,1.66,1.79
2019-09-20,1.69,1.61,1.74
2019-09-23,1.68,1.59,1.72
2019-09-24,1.60,1.52,1.64
2019-09-25,1.68,1.60,1.73
2019-09-26,1.66,1.59,1.70
2019-09-27,1.63,1.56,1.69
2019-10-02,1.48,1.43,1.60
2019-10-04,1.40,1.34,1.52
2019-10-07,1.46,1.38,1.56
2019-10-08,1.42,1.36,1.54
2019-10-09,1.47,1.40,1.59
2019-10-10,1.53,1.48,1.67
2019-10-11,1.63,1.59,1.76
2019-10-14,.,.,.
2019-10-15,1.61,1.59,1.77
2019-10-16,1.58,1.57,1.75
2019-10-17,1.60,1.57,1.76
2019-10-18,1.58,1.56,1.76
2019-10-22,1.60,1.60,1.78
2019-10-23,1.58,1.58,1.77
2019-10-24,1.58,1.58,1.77
2019-10-25,1.63,1.62,1.80
2019-10-28,1.64,1.66,1.85
2019-10-29,1.64,1.66,1.84
2019-10-30,1.61,1.61,1.78
2019-10-31,1.52,1.51,1.69
2019-11-01,1.56,1.55,1.73
2019-11-05,1.63,1.66,1.86
2019-11-06,1.61,1.63,1.81
2019-11-07,1.68,1.74,1.92
2019-11-08,1.68,1.74,1.94
2019-11-11,.,.,.
2019-11-12,1.66,1.73,1.92
2019-11-14,1.58,1.63,1.82
2019-11-15,1.61,1.65,1.84
2019-11-18,1.60,1.63,1.81
2019-11-19,1.60,1.63,1.79
2019-11-20,1.56,1.58,1.73
2019-11-21,1.60,1.62,1.77
2019-11-22,1.61,1.62,1.77
2019-11-25,1.61,1.62,1.76
2019-11-26,1.58,1.58,1.74
2019-11-29,1.61,1.62,1.78
2019-12-02,1.61,1.65,1.83
2019-12-03,1.53,1.54,1.72
2019-12-04,1.58,1.60,1.77
2019-12-05,1.58,1.62,1.80
2019-12-06,1.61,1.67,1.84
2019-12-09,1.63,1.67,1.83
2019-12-10,1.65,1.68,1.85
2019-12-11,1.61,1.64,1.79
2019-12-13,1.61,1.66,1.82
2019-12-16,1.65,1.72,1.89
2019-12-17,1.63,1.71,1.89
2019-12-18,1.63,1.74,1.92
2019-12-19,1.62,1.73,1.92
2019-12-20,1.63,1.73,1.92
2019-12-23,1.64,1.75,1.93
2019-12-24,1.62,1.72,1.90
2019-12-25,.,.,.
2019-12-26,1.64,1.72,1.90
2019-12-30,1.58,1.68,1.90
2019-12-31,1.58,1.69,1.92
2020-01-01,.,.,.
2020-01-02,1.58,1.67,1.88
2020-01-03,1.53,1.59,1.80
2020-01-06,1.54,1.61,1.81
2020-01-07,1.54,1.62,1.83
2020-01-08,1.58,1.67,1.87
2020-01-09,1.58,1.65,1.85
2020-01-10,1.56,1.63,1.83
2020-01-14,1.58,1.63,1.82
2020-01-15,1.56,1.60,1.79
2020-01-16,1.58,1.63,1.81
2020-01-17,1.58,1.63,1.84
2020-01-21,1.53,1.57,1.78
2020-01-24,1.49,1.51,1.70
2020-01-27,1.44,1.44,1.61
2020-01-28,1.45,1.47,1.65
2020-01-30,1.41,1.39,1.57
2020-01-31,1.33,1.32,1.51
2020-02-03,1.36,1.35,1.54
2020-02-04,1.41,1.42,1.61
2020-02-06,1.44,1.45,1.65
2020-02-07,1.41,1.41,1.59
2020-02-10,1.37,1.38,1.56
2020-02-11,1.41,1.40,1.59
2020-02-12,1.44,1.45,1.62
2020-02-13,1.44,1.43,1.61
2020-02-14,1.42,1.42,1.59
2020-02-18,1.41,1.39,1.55
2020-02-19,1.42,1.41,1.56
2020-02-20,1.39,1.37,1.52
2020-02-21,1.34,1.30,1.46
2020-02-24,1.26,1.21,1.38
2020-02-25,1.20,1.16,1.33
2020-02-26,1.16,1.14,1.33
2020-02-27,1.11,1.11,1.30
2020-02-28,0.86,0.89,1.13
2020-03-02,0.84,0.88,1.10
2020-03-03,0.71,0.77,1.02
2020-03-04,0.67,0.75,1.02
2020-03-05,0.59,0.67,0.92
2020-03-06,0.49,0.58,0.74
2020-03-09,0.38,0.46,0.54
2020-03-10,0.50,0.63,0.76
2020-03-11,0.50,0.66,0.82
2020-03-12,0.50,0.66,0.88
2020-03-13,0.49,0.70,0.94
2020-03-16,0.36,0.49,0.73
2020-03-17,0.47,0.66,1.02
2020-03-18,0.54,0.79,1.18
2020-03-19,0.44,0.66,1.12
2020-03-20,0.37,0.52,0.92
2020-03-23,0.28,0.38,0.76
2020-03-25,0.34,0.56,0.88
2020-03-26,0.30,0.51,0.83
2020-03-30,0.23,0.39,0.70
2020-04-01,0.23,0.37,0.62
2020-04-02,0.23,0.39,0.63
2020-04-03,0.23,0.39,0.62
2020-04-06,0.27,0.44,0.67
2020-04-07,0.28,0.48,0.75
2020-04-08,0.27,0.47,0.77
2020-04-10,.,.,.
2020-04-13,0.25,0.44,0.76
2020-04-14,0.23,0.42,0.76
2020-04-15,0.20,0.34,0.63
2020-04-16,0.20,0.35,0.61
2020-04-20,0.20,0.35,0.63
2020-04-21,0.20,0.34,0.58
2020-04-22,0.22,0.37,0.63
2020-04-23,0.22,0.37,0.61
2020-04-24,0.22,0.36,0.60
2020-04-28,0.20,0.37,0.62
2020-04-29,0.20,0.36,0.63
2020-04-30,0.20,0.36,0.64
2020-05-01,0.20,0.36,0.64
2020-05-04,0.19,0.36,0.64
2020-05-06,0.17,0.37,0.72
2020-05-07,0.13,0.29,0.63
2020-05-11,0.17,0.36,0.73
2020-05-12,0.17,0.34,0.69
2020-05-13,0.16,0.31,0.64
2020-05-15,0.16,0.31,0.64
2020-05-18,0.18,0.38,0.73
2020-05-19,0.17,0.35,0.70
2020-05-20,0.16,0.34,0.68
2020-05-21,0.17,0.35,0.68
2020-05-22,0.17,0.34,0.66
2020-05-25,.,.,.
2020-05-26,0.18,0.35,0.69
2020-05-27,0.19,0.34,0.68
2020-05-28,0.17,0.34,0.70
2020-06-01,0.14,0.31,0.66
2020-06-02,0.17,0.32,0.68
2020-06-03,0.19,0.38,0.77
2020-06-08,0.22,0.45,0.88
2020-06-09,0.20,0.40,0.84
2020-06-10,0.17,0.33,0.75
2020-06-11,0.19,0.32,0.66
2020-06-12,0.19,0.33,0.71
2020-06-15,0.19,0.33,0.71
2020-06-16,0.21,0.34,0.75
2020-06-17,0.19,0.34,0.74
2020-06-18,0.19,0.34,0.71
2020-06-19,0.19,0.33,0.70
2020-06-22,0.19,0.34,0.71
2020-06-23,0.18,0.33,0.72
2020-06-24,0.19,0.33,0.69
2020-06-29,0.16,0.28,0.64
2020-06-30,0.16,0.29,0.66
2020-07-01,0.17,0.31,0.69
2020-07-02,0.16,0.29,0.68
2020-07-03,.,.,.
2020-07-06,0.16,0.31,0.69
2020-07-07,0.16,0.29,0.65
2020-07-08,0.16,0.30,0.67
2020-07-09,0.16,0.28,0.62
2020-07-10,0.16,0.30,0.65
2020-07-13,0.16,0.30,0.64
2020-07-14,0.14,0.28,0.63
2020-07-15,0.16,0.28,0.64
2020-07-16,0.16,0.28,0.62
2020-07-17,0.14,0.29,0.64
2020-07-20,0.16,0.29,0.62
2020-07-21,0.14,0.27,0.61
2020-07-22,0.14,0.27,0.60
2020-07-23,0.16,0.27,0.59
2020-07-24,0.14,0.27,0.59
2020-07-27,0.15,0.30,0.62
2020-07-29,0.12,0.25,0.58
2020-07-30,0.11,0.23,0.55
2020-07-31,0.11,0.21,0.55
2020-08-03,0.11,0.22,0.56
2020-08-04,0.11,0.19,0.52
2020-08-05,0.11,0.22,0.55
2020-08-06,0.11,0.21,0.55
2020-08-07,0.13,0.23,0.57
2020-08-11,0.16,0.27,0.64
2020-08-12,0.16,0.30,0.69
2020-08-17,0.14,0.29,0.69
2020-08-18,0.14,0.27,0.67
2020-08-19,0.14,0.29,0.68
2020-08-20,0.13,0.26,0.65
2020-08-21,0.16,0.27,0.64
2020-08-24,0.14,0.28,0.65
2020-08-25,0.15,0.30,0.69
2020-08-26,0.16,0.28,0.69
2020-08-27,0.16,0.31,0.74
2020-08-28,0.14,0.28,0.74
2020-08-31,0.14,0.28,0.72
2020-09-02,0.14,0.26,0.66
2020-09-07,.,.,.
2020-09-08,0.14,0.28,0.69
2020-09-09,0.14,0.28,0.71
2020-09-10,0.14,0.26,0.68
2020-09-11,0.13,0.26,0.67
2020-09-15,0.14,0.27,0.68
2020-09-16,0.14,0.28,0.69
2020-09-18,0.14,0.29,0.70
2020-09-21,0.14,0.27,0.68
2020-09-23,0.14,0.28,0.68
2020-09-24,0.14,0.27,0.67
2020-09-25,0.12,0.26,0.66
2020-09-28,0.14,0.26,0.67
2020-09-30,0.13,0.28,0.69
2020-10-01,0.14,0.27,0.68
2020-10-02,0.13,0.28,0.70
2020-10-05,0.14,0.33,0.78
2020-10-06,0.14,0.32,0.76
2020-10-07,0.16,0.35,0.81
2020-10-08,0.13,0.33,0.78
2020-10-09,0.16,0.34,0.79
2020-10-12,.,.,.
2020-10-13,0.16,0.31,0.74
2020-10-14,0.14,0.30,0.73
2020-10-15,0.14,0.32,0.74
2020-10-19,0.16,0.34,0.78
2020-10-20,0.14,0.34,0.81
2020-10-21,0.14,0.36,0.83
2020-10-22,0.16,0.38,0.87
2020-10-23,0.18,0.37,0.85
2020-10-27,0.16,0.34,0.79
2020-10-28,0.16,0.34,0.79
2020-10-29,0.16,0.38,0.85
2020-11-02,0.16,0.38,0.87
2020-11-03,0.17,0.39,0.90
2020-11-04,0.14,0.33,0.78
2020-11-05,0.14,0.33,0.79
2020-11-06,0.16,0.36,0.83
2020-11-09,0.17,0.44,0.96
2020-11-10,0.19,0.46,0.98
2020-11-11,.,.,.
2020-11-12,0.17,0.40,0.88
2020-11-16,0.19,0.41,0.91
2020-11-17,0.18,0.39,0.87
2020-11-18,0.16,0.40,0.88
2020-11-20,0.16,0.38,0.83
2020-11-24,0.16,0.39,0.88
2020-11-25,0.17,0.39,0.88
2020-11-26,.,.,.
2020-11-27,0.16,0.37,0.84
2020-11-30,0.16,0.36,0.84
2020-12-01,0.17,0.42,0.92
2020-12-03,0.16,0.40,0.92
2020-12-07,0.14,0.40,0.94
2020-12-09,0.16,0.41,0.95
2020-12-10,0.14,0.39,0.92
2020-12-14,0.13,0.37,0.90
2020-12-15,0.11,0.37,0.92
2020-12-18,0.13,0.39,0.95
2020-12-21,0.13,0.39,0.95
2020-12-22,0.13,0.37,0.93
2020-12-25,.,.,.
2020-12-29,0.12,0.37,0.94
2020-12-30,0.12,0.37,0.93
2021-01-01,.,.,.
2021-01-04,0.11,0.36,0.93
2021-01-05,0.13,0.38,0.96
2021-01-06,0.14,0.43,1.04
2021-01-07,0.14,0.46,1.08
2021-01-11,0.14,0.50,1.15
2021-01-12,0.14,0.50,1.15
2021-01-13,0.14,0.48,1.10
2021-01-14,0.16,0.49,1.15
2021-01-15,0.13,0.46,1.11
2021-01-18,.,.,.
2021-01-19,0.14,0.45,1.10
2021-01-20,0.13,0.45,1.10
2021-01-21,0.13,0.45,1.12
2021-01-22,0.13,0.44,1.10
2021-01-26,0.11,0.42,1.05
2021-01-27,0.12,0.41,1.04
2021-01-28,0.12,0.42,1.07
2021-02-01,0.11,0.42,1.09
2021-02-02,0.11,0.45,1.12
2021-02-03,0.11,0.46,1.15
2021-02-04,0.11,0.46,1.15
2021-02-05,0.09,0.47,1.19
2021-02-08,0.11,0.48,1.19
2021-02-09,0.11,0.48,1.18
2021-02-10,0.11,0.46,1.15
2021-02-11,0.11,0.46,1.16
2021-02-12,0.11,0.50,1.20
2021-02-15,.,.,.
2021-02-16,0.13,0.57,1.30
2021-02-17,0.11,0.57,1.29
2021-02-18,0.11,0.56,1.29
2021-02-22,0.11,0.61,1.37
2021-02-24,0.12,0.62,1.38
2021-02-25,0.17,0.81,1.54
2021-02-26,0.14,0.75,1.44
2021-03-01,0.13,0.71,1.45
2021-03-02,0.13,0.67,1.42
2021-03-04,0.14,0.77,1.54
2021-03-05,0.14,0.79,1.56
2021-03-08,0.17,0.86,1.59
2021-03-10,0.16,0.80,1.53
2021-03-11,0.14,0.78,1.54
2021-03-12,0.14,0.85,1.64
2021-03-15,0.14,0.84,1.62
2021-03-18,0.16,0.86,1.71
2021-03-19,0.16,0.90,1.74
2021-03-22,0.15,0.87,1.69
2021-03-23,0.15,0.83,1.63
2021-03-24,0.14,0.83,1.62
2021-03-25,0.14,0.82,1.63
2021-03-26,0.14,0.85,1.67
2021-03-29,0.14,0.89,1.73
2021-03-30,0.16,0.90,1.73
2021-04-01,0.17,0.90,1.69
2021-04-02,0.19,0.97,1.72
2021-04-05,0.17,0.94,1.73
2021-04-06,0.16,0.88,1.67
2021-04-07,0.16,0.87,1.68
2021-04-08,0.14,0.85,1.64
2021-04-09,0.16,0.87,1.67
2021-04-12,0.18,0.89,1.69
2021-04-14,0.16,0.87,1.64
2021-04-15,0.16,0.81,1.56
2021-04-16,0.16,0.84,1.59
2021-04-19,0.16,0.85,1.61
2021-04-20,0.15,0.81,1.58
2021-04-21,0.15,0.81,1.57
2021-04-22,0.16,0.81,1.57
2021-04-23,0.16,0.83,1.58
2021-04-26,0.18,0.85,1.58
2021-04-27,0.17,0.88,1.63
2021-04-28,0.17,0.86,1.63
2021-04-29,0.16,0.86,1.65
2021-04-30,0.16,0.86,1.65
2021-05-03,0.16,0.84,1.63
2021-05-06,0.16,0.81,1.58
2021-05-07,0.14,0.77,1.60
2021-05-10,0.16,0.80,1.63
2021-05-11,0.16,0.80,1.64
2021-05-12,0.16,0.87,1.69
2021-05-13,0.16,0.84,1.66
2021-05-18,0.16,0.83,1.64
2021-05-19,0.16,0.87,1.68
2021-05-20,0.15,0.83,1.63
2021-05-21,0.17,0.84,1.63
2021-05-24,0.15,0.82,1.61
2021-05-25,0.15,0.79,1.56
2021-05-26,0.14,0.80,1.58
2021-05-27,0.14,0.81,1.61
2021-05-28,0.14,0.79,1.58
2021-05-31,.,.,.
2021-06-01,0.16,0.81,1.62
2021-06-02,0.13,0.80,1.59
2021-06-03,0.16,0.84,1.63
2021-06-04,0.14,0.78,1.56
2021-06-07,0.16,0.79,1.57
2021-06-08,0.14,0.77,1.53
2021-06-09,0.16,0.75,1.50
2021-06-10,0.14,0.73,1.45
2021-06-14,0.16,0.80,1.51
2021-06-15,0.16,0.79,1.51
2021-06-16,0.21,0.89,1.57
2021-06-18,0.26,0.89,1.45
2021-06-21,0.27,0.90,1.50
2021-06-22,0.25,0.87,1.48
2021-06-24,0.26,0.90,1.49
2021-06-25,0.28,0.92,1.54
2021-06-28,0.25,0.90,1.49
2021-06-30,0.25,0.87,1.45
2021-07-01,0.25,0.89,1.48
2021-07-02,0.24,0.86,1.44
2021-07-05,.,.,.
2021-07-06,0.22,0.81,1.37
2021-07-07,0.22,0.79,1.33
2021-07-08,0.19,0.74,1.30
2021-07-09,0.23,0.79,1.37
2021-07-12,0.23,0.81,1.38
2021-07-13,0.26,0.85,1.42
2021-07-14,0.23,0.80,1.37
2021-07-15,0.23,0.78,1.31
2021-07-16,0.25,0.79,1.31
2021-07-19,0.21,0.70,1.19
2021-07-20,0.20,0.69,1.23
2021-07-21,0.22,0.74,1.30
2021-07-22,0.20,0.71,1.27
2021-07-23,0.22,0.72,1.30
2021-07-26,0.22,0.73,1.29
2021-07-27,0.20,0.71,1.25
2021-07-28,0.20,0.72,1.26
2021-07-30,0.19,0.69,1.24
2021-08-02,0.17,0.66,1.20
2021-08-04,0.17,0.67,1.19
2021-08-06,0.21,0.77,1.31
2021-08-09,0.23,0.79,1.33
2021-08-10,0.24,0.82,1.36
2021-08-12,0.23,0.83,1.36
2021-08-13,0.23,0.79,1.29
2021-08-16,0.21,0.75,1.26
2021-08-20,0.23,0.80,1.26
2021-08-24,0.24,0.80,1.29
2021-08-25,0.23,0.84,1.35
2021-08-26,0.25,0.84,1.34
2021-08-27,0.22,0.79,1.31
2021-08-30,0.20,0.77,1.29
2021-08-31,0.20,0.77,1.30
2021-09-01,0.20,0.78,1.31
2021-09-02,0.20,0.78,1.29
2021-09-03,0.21,0.78,1.33
2021-09-06,.,.,.
2021-09-07,0.22,0.82,1.38
2021-09-09,0.23,0.79,1.30
2021-09-10,0.23,0.82,1.35
2021-09-13,0.21,0.81,1.33
2021-09-15,0.21,0.81,1.31
2021-09-16,0.23,0.84,1.34
2021-09-17,0.23,0.88,1.37
2021-09-20,0.23,0.83,1.31
2021-09-21,0.22,0.84,1.33
2021-09-22,0.25,0.86,1.32
2021-09-23,0.27,0.94,1.41
2021-09-24,0.29,0.97,1.47
2021-09-27,0.31,0.98,1.48
2021-09-28,0.31,1.02,1.54
2021-09-29,0.30,1.01,1.55
2021-10-01,0.27,0.93,1.48
2021-10-04,0.27,0.95,1.49
2021-10-06,0.30,0.99,1.53
2021-10-07,0.32,1.02,1.58
2021-10-08,0.32,1.05,1.61
2021-10-11,.,.,.
2021-10-12,0.35,1.08,1.59
2021-10-13,0.37,1.09,1.56
2021-10-14,0.36,1.05,1.52
2021-10-15,0.41,1.13,1.59
2021-10-19,0.41,1.17,1.65
2021-10-20,0.40,1.16,1.65
2021-10-21,0.45,1.23,1.68
2021-10-22,0.48,1.22,1.66
2021-10-25,0.47,1.19,1.64
2021-10-26,0.47,1.20,1.63
2021-10-28,0.50,1.18,1.57
2021-10-29,0.48,1.18,1.55
2021-11-02,0.46,1.15,1.56
2021-11-03,0.47,1.19,1.60
2021-11-04,0.41,1.10,1.53
2021-11-05,0.39,1.04,1.45
2021-11-08,0.45,1.13,1.51
2021-11-09,0.41,1.08,1.46
2021-11-10,0.51,1.23,1.56
2021-11-11,.,.,.
2021-11-12,0.53,1.24,1.58
2021-11-15,0.53,1.26,1.63
2021-11-16,0.54,1.27,1.63
2021-11-17,0.52,1.24,1.60
2021-11-18,0.52,1.22,1.59
2021-11-19,0.52,1.22,1.54
2021-11-23,0.60,1.33,1.67
2021-11-24,0.64,1.34,1.64
2021-11-25,.,.,.
2021-11-26,0.50,1.16,1.48
2021-11-29,0.51,1.18,1.52
2021-11-30,0.52,1.14,1.43
2021-12-01,0.56,1.15,1.43
2021-12-02,0.63,1.21,1.44
2021-12-03,0.60,1.13,1.35
2021-12-06,0.65,1.21,1.43
2021-12-07,0.70,1.26,1.48
2021-12-08,0.68,1.27,1.52
2021-12-09,0.70,1.26,1.49
2021-12-10,0.67,1.25,1.48
2021-12-13,0.66,1.21,1.42
2021-12-14,0.67,1.23,1.44
2021-12-16,0.64,1.19,1.44
2021-12-17,0.66,1.18,1.41
2021-12-20,0.65,1.17,1.43
2021-12-22,0.68,1.23,1.46
2021-12-24,.,.,.
2021-12-27,0.76,1.26,1.48
2021-12-28,0.74,1.27,1.49
2021-12-29,0.75,1.29,1.55
2021-12-30,0.73,1.27,1.52
2021-12-31,0.73,1.26,1.52
2022-01-03,0.78,1.37,1.63
2022-01-04,0.77,1.37,1.66
2022-01-05,0.83,1.43,1.71
2022-01-06,0.88,1.47,1.73
2022-01-07,0.87,1.50,1.76
2022-01-10,0.92,1.53,1.78
2022-01-11,0.90,1.51,1.75
2022-01-12,0.92,1.50,1.74
2022-01-13,0.91,1.47,1.70
2022-01-14,0.99,1.55,1.78
2022-01-17,.,.,.
2022-01-19,1.04,1.62,1.83
2022-01-20,1.08,1.62,1.83
2022-01-21,1.01,1.54,1.75
2022-01-24,0.99,1.53,1.75
2022-01-25,1.02,1.56,1.78
2022-01-26,1.13,1.66,1.85
2022-01-27,1.18,1.66,1.81
2022-01-28,1.15,1.61,1.78
2022-01-31,1.18,1.62,1.79
2022-02-01,1.18,1.63,1.81
2022-02-02,1.16,1.60,1.78
2022-02-03,1.19,1.66,1.82
2022-02-04,1.31,1.78,1.93
2022-02-07,1.30,1.76,1.92
2022-02-08,1.35,1.81,1.96
2022-02-09,1.36,1.82,1.94
2022-02-10,1.61,1.96,2.03
2022-02-11,1.50,1.84,1.92
2022-02-14,1.58,1.90,1.98
2022-02-15,1.58,1.94,2.05
2022-02-17,1.49,1.85,1.97
2022-02-18,1.47,1.82,1.92
2022-02-21,.,.,.
2022-02-22,1.56,1.85,1.94
2022-02-24,1.54,1.84,1.96
2022-02-25,1.55,1.86,1.97
2022-02-28,1.44,1.71,1.83
2022-03-02,1.50,1.74,1.86
2022-03-03,1.53,1.74,1.86
2022-03-04,1.50,1.65,1.74
2022-03-07,1.55,1.71,1.78
2022-03-08,1.63,1.80,1.86
2022-03-09,1.68,1.87,1.94
2022-03-11,1.75,1.96,2.00
2022-03-15,1.85,2.10,2.15
2022-03-16,1.95,2.18,2.19
2022-03-17,1.94,2.17,2.20
2022-03-18,1.97,2.14,2.14
2022-03-22,2.18,2.39,2.38
2022-03-24,2.13,2.37,2.34
2022-03-25,2.30,2.55,2.48
2022-03-28,2.35,2.54,2.46
2022-03-29,2.35,2.49,2.41
2022-03-30,2.31,2.44,2.35
2022-03-31,2.28,2.42,2.32
2022-04-01,2.44,2.55,2.39
2022-04-04,2.43,2.56,2.42
2022-04-07,2.47,2.70,2.66
2022-04-11,2.50,2.79,2.79
2022-04-12,2.39,2.66,2.72
2022-04-13,2.37,2.66,2.70
2022-04-14,2.47,2.79,2.83
2022-04-15,.,.,.
2022-04-18,2.46,2.79,2.85
2022-04-20,2.60,2.87,2.85
2022-04-22,2.72,2.94,2.90
2022-04-25,2.63,2.84,2.81
2022-04-26,2.54,2.79,2.77
2022-04-27,2.58,2.81,2.82
2022-04-28,2.63,2.86,2.85
2022-04-29,2.70,2.92,2.89
2022-05-03,2.78,3.01,2.97
2022-05-04,2.66,2.93,2.93
2022-05-05,2.71,3.01,3.05
2022-05-06,2.72,3.06,3.12
2022-05-10,2.62,2.91,2.99
2022-05-11,2.66,2.89,2.91
2022-05-12,2.56,2.81,2.84
2022-05-13,2.61,2.89,2.93
2022-05-16,2.58,2.83,2.88
2022-05-17,2.71,2.96,2.98
2022-05-18,2.68,2.89,2.89
2022-05-19,2.63,2.84,2.84
2022-05-20,2.60,2.80,2.78
2022-05-24,2.50,2.76,2.76
2022-05-25,2.48,2.71,2.75
2022-05-26,2.46,2.70,2.75
2022-05-27,2.47,2.71,2.74
2022-05-30,.,.,.
2022-05-31,2.53,2.81,2.85
2022-06-01,2.66,2.94,2.94
2022-06-02,2.65,2.92,2.92
2022-06-03,2.66,2.95,2.96
2022-06-06,2.73,3.03,3.04
2022-06-07,2.75,2.99,2.98
2022-06-08,2.78,3.03,3.03
2022-06-09,2.83,3.07,3.04
2022-06-10,3.06,3.25,3.15
2022-06-13,3.40,3.56,3.43
2022-06-14,3.45,3.61,3.49
2022-06-15,3.20,3.38,3.33
2022-06-16,3.14,3.35,3.28
2022-06-17,3.17,3.34,3.25
2022-06-21,3.21,3.38,3.31
2022-06-22,3.06,3.22,3.16
2022-06-24,3.04,3.18,3.13
2022-06-27,3.08,3.24,3.20
2022-06-29,3.06,3.15,3.10
2022-06-30,2.92,3.01,2.98
2022-07-01,2.84,2.88,2.88
2022-07-04,.,.,.
2022-07-05,2.82,2.82,2.82
2022-07-06,2.97,2.96,2.93
2022-07-08,3.12,3.13,3.09
2022-07-11,3.07,3.05,2.99
2022-07-12,3.03,3.01,2.96
2022-07-13,3.13,3.02,2.91
2022-07-14,3.15,3.06,2.96
2022-07-19,3.23,3.14,3.01
2022-07-20,3.25,3.18,3.04
2022-07-22,2.98,2.87,2.77
2022-07-25,3.00,2.89,2.81
2022-07-26,3.02,2.89,2.81
2022-07-27,2.96,2.82,2.78
2022-07-28,2.85,2.69,2.68
2022-07-29,2.89,2.70,2.67
2022-08-01,2.90,2.66,2.60
2022-08-02,3.06,2.85,2.75
2022-08-03,3.10,2.86,2.73
2022-08-04,3.03,2.76,2.68
2022-08-05,3.24,2.97,2.83
2022-08-08,3.21,2.91,2.77
2022-08-11,3.23,2.98,2.87
2022-08-12,3.25,2.97,2.84
2022-08-15,3.20,2.91,2.79
2022-08-16,3.25,2.95,2.82
2022-08-17,3.28,3.04,2.89
2022-08-18,3.22,3.02,2.88
2022-08-19,3.25,3.11,2.98
2022-08-23,3.29,3.18,3.05
2022-08-24,3.36,3.20,3.11
2022-08-25,3.35,3.15,3.03
2022-08-29,3.42,3.27,3.12
2022-08-30,3.46,3.27,3.11
2022-08-31,3.45,3.30,3.15
2022-09-01,3.51,3.39,3.26
2022-09-02,3.40,3.30,3.20
2022-09-05,.,.,.
2022-09-07,3.45,3.37,3.27
2022-09-09,3.56,3.45,3.33
2022-09-12,3.58,3.47,3.37
2022-09-13,3.75,3.58,3.42
2022-09-14,3.78,3.60,3.41
2022-09-15,3.87,3.66,3.45
2022-09-16,3.85,3.62,3.45
2022-09-19,3.95,3.69,3.49
2022-09-20,3.96,3.75,3.57
2022-09-21,4.02,3.74,3.51
2022-09-22,4.11,3.91,3.70
2022-09-23,4.20,3.96,3.69
2022-09-27,4.30,4.21,3.97
2022-09-28,4.07,3.92,3.72
2022-09-29,4.16,3.98,3.76
2022-09-30,4.22,4.06,3.83
2022-10-03,4.12,3.90,3.67
2022-10-04,4.10,3.84,3.62
2022-10-05,4.15,3.96,3.76
2022-10-06,4.23,4.05,3.83
2022-10-07,4.30,4.14,3.89
2014-12-31,0.67,1.65,2.17
2015-01-05,0.68,1.57,2.04
2015-01-14,0.51,1.33,1.86
2015-01-26,0.54,1.36,1.83
2015-02-09,0.65,1.49,1.96
2015-02-10,0.67,1.52,2.01
2015-03-03,0.68,1.61,2.12
2015-03-24,0.58,1.37,1.88
2015-03-25,0.59,1.41,1.93
2015-03-30,0.58,1.41,1.96
2015-04-07,0.52,1.32,1.89
2015-04-21,0.55,1.35,1.92
2015-05-04,0.60,1.51,2.16
2015-05-06,0.65,1.58,2.25
2015-05-15,0.55,1.46,2.14
2015-06-23,0.70,1.71,2.42
2015-06-29,0.64,1.62,2.33
2015-07-03,.,.,.
2015-07-13,0.69,1.71,2.44
2015-07-27,0.68,1.58,2.23
2015-07-30,0.72,1.62,2.28
2015-08-05,0.73,1.65,2.28
2015-08-24,0.59,1.39,2.01
2015-09-03,0.71,1.49,2.18
2015-09-08,0.74,1.53,2.20
2015-09-25,0.70,1.48,2.17
2015-10-02,0.58,1.29,1.99
2015-10-28,0.73,1.47,2.10
2015-11-24,0.93,1.66,2.24
2015-12-18,0.97,1.67,2.19
2015-12-22,0.99,1.71,2.24
2015-12-25,.,.,.
2016-02-19,0.76,1.24,1.76
2016-02-23,0.76,1.23,1.74
2016-03-07,0.91,1.42,1.91
2016-03-14,0.97,1.49,1.97
2016-03-30,0.76,1.26,1.83
2016-04-06,0.73,1.20,1.76
2016-04-07,0.70,1.14,1.70
2016-04-11,0.70,1.16,1.73
2016-04-13,0.75,1.22,1.77
2016-05-09,0.72,1.20,1.77
2016-06-06,0.80,1.25,1.73
2016-06-07,0.78,1.23,1.72
2016-06-14,0.74,1.15,1.62
2016-07-04,.,.,.
2016-07-25,0.72,1.15,1.58
2016-08-05,0.72,1.13,1.59
2016-08-23,0.74,1.15,1.55
2016-08-30,0.80,1.18,1.57
2016-09-08,0.78,1.19,1.61
2016-09-16,0.77,1.21,1.70
2016-09-19,0.79,1.22,1.70
2016-10-06,0.86,1.28,1.75
2016-10-28,0.86,1.33,1.86
2016-11-02,0.81,1.26,1.81
2016-12-26,.,.,.
2016-12-27,1.28,2.07,2.57
2017-01-12,1.18,1.87,2.36
2017-01-17,1.17,1.84,2.33
2017-01-25,1.23,1.99,2.53
2017-02-09,1.20,1.88,2.40
2017-02-14,1.25,1.98,2.47
2017-02-23,1.18,1.87,2.38
2017-03-17,1.33,2.03,2.50
2017-03-31,1.27,1.93,2.40
2017-04-06,1.24,1.87,2.34
2017-05-15,1.31,1.86,2.34
2017-06-02,1.28,1.71,2.15
2017-06-08,1.33,1.75,2.19
2017-06-14,1.35,1.74,2.15
2017-07-05,1.41,1.92,2.33
2017-07-14,1.35,1.87,2.33
2017-07-26,1.36,1.83,2.29
2017-07-28,1.34,1.83,2.30
2017-08-08,1.36,1.84,2.29
2017-08-14,1.33,1.77,2.22
2017-08-25,1.35,1.77,2.17
2017-08-30,1.33,1.72,2.15
2017-09-04,.,.,.
2017-09-18,1.40,1.83,2.23
2017-10-26,1.63,2.07,2.46
2017-11-15,1.68,2.04,2.33
2017-11-30,1.78,2.14,2.42
2017-12-05,1.83,2.15,2.36
2017-12-13,1.79,2.12,2.36
2017-12-19,1.87,2.23,2.46
2018-01-08,1.96,2.29,2.49
2018-01-15,.,.,.
2018-01-16,2.03,2.36,2.54
2018-02-15,2.19,2.65,2.90
2018-02-20,2.25,2.65,2.88
2018-02-26,2.22,2.60,2.86
2018-02-28,2.25,2.65,2.87
2018-03-12,2.27,2.64,2.87
2018-03-19,2.31,2.65,2.85
2018-03-29,2.27,2.56,2.74
2018-04-03,2.28,2.60,2.79
2018-04-17,2.41,2.68,2.82
2018-04-30,2.49,2.79,2.95
2018-05-09,2.54,2.84,3.00
2018-05-11,2.54,2.84,2.97
2018-05-16,2.58,2.94,3.09
2018-05-18,2.55,2.90,3.06
2018-05-22,2.59,2.90,3.06
2018-07-04,.,.,.
2018-07-17,2.62,2.76,2.86
2018-07-24,2.63,2.83,2.95
2018-07-26,2.69,2.86,2.98
2018-08-07,2.68,2.84,2.98
2018-08-09,2.64,2.80,2.93
2018-08-21,2.61,2.73,2.85
2018-09-10,2.73,2.83,2.94
2018-09-12,2.74,2.87,2.97
2018-10-02,2.82,2.94,3.05
2018-11-01,2.84,2.96,3.14
2018-11-13,2.89,2.99,3.14
2018-11-15,2.86,2.94,3.11
2018-11-16,2.81,2.90,3.08
2018-11-26,2.84,2.90,3.07
2018-12-03,2.83,2.83,2.98
2018-12-07,2.72,2.70,2.85
2018-12-18,2.65,2.65,2.82
2018-12-24,2.55,2.58,2.74
2019-01-02,2.50,2.49,2.66
2019-01-07,2.53,2.53,2.70
2019-01-16,2.55,2.54,2.73
2019-01-29,2.56,2.55,2.72
2019-02-06,2.52,2.50,2.70
2019-03-07,2.47,2.44,2.64
2019-03-14,2.46,2.43,2.63
2019-03-19,2.46,2.42,2.61
2019-03-20,2.40,2.34,2.54
2019-03-25,2.26,2.21,2.43
2019-04-01,2.33,2.31,2.49
2019-04-25,2.33,2.33,2.54
2019-04-30,2.27,2.28,2.51
2019-05-09,2.26,2.25,2.45
2019-05-15,2.16,2.15,2.37
2019-05-30,2.06,2.03,2.22
2019-06-17,1.86,1.85,2.09
2019-06-24,1.72,1.75,2.02
2019-06-26,1.77,1.80,2.05
2019-07-12,1.84,1.86,2.12
2019-07-17,1.83,1.83,2.06
2019-08-01,1.73,1.68,1.90
2019-08-02,1.72,1.66,1.86
2019-08-23,1.51,1.40,1.52
2019-09-12,1.72,1.65,1.79
2019-09-18,1.77,1.68,1.80
2019-09-30,1.63,1.55,1.68
2019-10-01,1.56,1.51,1.65
2019-10-03,1.39,1.34,1.54
2019-10-21,1.62,1.61,1.80
2019-11-13,1.63,1.69,1.88
2019-11-27,1.63,1.63,1.77
2019-11-28,.,.,.
2019-12-12,1.66,1.73,1.90
2019-12-27,1.59,1.68,1.88
2020-01-13,1.58,1.65,1.85
2020-01-20,.,.,.
2020-01-22,1.53,1.57,1.77
2020-01-23,1.51,1.55,1.74
2020-01-29,1.42,1.41,1.60
2020-02-05,1.44,1.46,1.66
2020-02-17,.,.,.
2020-03-24,0.38,0.52,0.84
2020-03-27,0.25,0.41,0.72
2020-03-31,0.23,0.37,0.70
2020-04-09,0.23,0.41,0.73
2020-04-17,0.20,0.36,0.65
2020-05-05,0.19,0.36,0.66
2020-05-14,0.16,0.31,0.63
2020-05-29,0.16,0.30,0.65
2020-06-04,0.19,0.40,0.82
2020-06-26,0.17,0.30,0.64
2020-07-28,0.14,0.26,0.59
2020-08-10,0.14,0.24,0.59
2020-08-13,0.16,0.32,0.71
2020-08-14,0.14,0.29,0.71
2020-09-01,0.13,0.26,0.68
2020-09-14,0.14,0.27,0.68
2020-09-17,0.13,0.28,0.69
2020-10-16,0.14,0.32,0.76
2020-10-30,0.14,0.38,0.88
2020-11-13,0.17,0.41,0.89
2020-11-23,0.16,0.39,0.86
2020-12-02,0.16,0.42,0.95
2020-12-04,0.16,0.42,0.97
2020-12-08,0.14,0.39,0.92
2020-12-11,0.11,0.37,0.90
2020-12-17,0.13,0.38,0.94
2020-12-23,0.13,0.38,0.96
2020-12-24,0.13,0.37,0.94
2020-12-31,0.13,0.36,0.93
2021-01-08,0.14,0.49,1.13
2021-01-29,0.11,0.45,1.11
2021-02-19,0.11,0.59,1.34
2021-02-23,0.11,0.59,1.37
2021-03-09,0.17,0.83,1.55
2021-03-16,0.15,0.83,1.62
2021-03-17,0.13,0.80,1.63
2021-03-31,0.16,0.92,1.74
2021-04-13,0.16,0.85,1.64
2021-05-04,0.16,0.82,1.61
2021-05-05,0.16,0.80,1.59
2021-05-14,0.16,0.82,1.63
2021-05-17,0.16,0.84,1.64
2021-06-17,0.23,0.90,1.52
2021-06-23,0.26,0.90,1.50
2021-06-29,0.27,0.89,1.49
2021-07-29,0.20,0.73,1.28
2021-08-03,0.17,0.65,1.19
2021-08-05,0.21,0.72,1.23
2021-08-11,0.23,0.81,1.35
2021-08-18,0.23,0.79,1.27
2021-08-23,0.23,0.78,1.25
2021-09-14,0.21,0.79,1.28
2021-09-30,0.28,0.98,1.52
2021-10-05,0.28,0.98,1.54
2021-10-18,0.44,1.16,1.59
2021-10-27,0.50,1.16,1.54
2021-11-22,0.63,1.33,1.63
2021-12-21,0.70,1.24,1.48
2022-02-16,1.52,1.90,2.03
2022-03-10,1.72,1.92,1.98
2022-03-14,1.87,2.10,2.14
2022-03-21,2.14,2.33,2.32
2022-03-23,2.13,2.34,2.32
2022-04-05,2.51,2.69,2.54
2022-04-06,2.50,2.70,2.61
2022-04-19,2.61,2.91,2.93
2022-04-21,2.68,2.96,2.90
2022-05-23,2.65,2.88,2.86
2022-06-20,.,.,.
2022-07-07,3.03,3.05,3.01
2022-07-15,3.13,3.05,2.93
2022-07-18,3.15,3.06,2.96
2022-07-21,3.10,3.00,2.91
2022-08-09,3.28,2.97,2.80
2022-08-10,3.23,2.93,2.78
2022-08-22,3.32,3.17,3.03
2022-09-08,3.48,3.39,3.29
2022-09-26,4.27,4.15,3.88
2015-03-20,0.60,1.42,1.93
2015-05-08,0.59,1.50,2.16
2015-08-11,0.68,1.53,2.15
2015-09-21,0.72,1.51,2.20
2015-10-13,0.64,1.36,2.06
2016-02-15,.,.,.
2016-06-13,0.73,1.14,1.62
2016-08-16,0.76,1.16,1.57
2016-09-13,0.80,1.26,1.73
2016-10-13,0.85,1.27,1.75
2016-10-27,0.87,1.33,1.85
2016-10-31,0.86,1.31,1.84
2016-11-10,0.92,1.56,2.15
2016-12-09,1.15,1.89,2.47
2017-01-24,1.21,1.94,2.47
2017-04-24,1.25,1.81,2.28
2017-05-17,1.26,1.76,2.22
2017-05-18,1.27,1.78,2.23
2017-05-30,1.28,1.76,2.21
2017-07-27,1.36,1.84,2.32
2017-09-01,1.35,1.73,2.16
2017-10-23,1.58,2.01,2.38
2017-11-03,1.63,1.99,2.34
2018-02-01,2.16,2.56,2.78
2018-02-05,2.08,2.50,2.77
2018-04-11,2.32,2.62,2.79
2018-06-13,2.59,2.85,2.98
2018-06-28,2.52,2.73,2.84
2018-08-29,2.67,2.78,2.89
2018-09-20,2.81,2.96,3.07
2018-10-30,2.84,2.94,3.12
2018-11-22,.,.,.
2018-11-29,2.81,2.85,3.03
2018-12-05,.,.,.
2018-12-13,2.75,2.75,2.91
2018-12-26,2.61,2.67,2.81
2019-01-18,2.62,2.62,2.79
2019-01-31,2.45,2.43,2.63
2019-04-05,2.35,2.31,2.50
2019-06-19,1.74,1.77,2.03
2019-11-04,1.60,1.60,1.79
2020-05-08,0.16,0.33,0.69
2020-06-25,0.17,0.32,0.68
2020-09-04,0.14,0.30,0.72
2020-09-29,0.11,0.24,0.66
2020-10-26,0.16,0.35,0.81
2020-12-16,0.13,0.37,0.92
2020-12-28,0.13,0.38,0.94
2021-01-25,0.13,0.42,1.05
2021-03-03,0.14,0.73,1.47
2021-08-17,0.23,0.77,1.26
2021-09-08,0.22,0.81,1.35
2021-12-23,0.71,1.25,1.50
2022-01-18,1.06,1.65,1.87
2022-02-23,1.58,1.89,1.99
2022-03-01,1.31,1.56,1.72
2022-04-08,2.53,2.76,2.72
2022-05-02,2.73,3.01,2.99
2022-05-09,2.61,2.95,3.05
2022-06-23,3.01,3.14,3.09
2022-08-26,3.37,3.20,3.04
2022-09-06,3.50,3.43,3.33
2014-12-11,0.62,1.62,2.19
2015-05-14,0.56,1.51,2.23
2015-06-15,0.72,1.71,2.36
2015-08-25,0.67,1.48,2.12
2015-09-18,0.69,1.45,2.13
2015-10-14,0.57,1.29,1.99
2015-11-05,0.85,1.65,2.26
2016-03-17,0.87,1.39,1.91
2016-05-18,0.90,1.41,1.87
2016-08-01,0.67,1.06,1.51
2016-09-07,0.74,1.12,1.54
2016-11-11,.,.,.
2017-09-06,1.30,1.69,2.10
2017-12-06,1.78,2.11,2.33
2018-04-16,2.39,2.69,2.83
2018-04-25,2.49,2.84,3.03
2018-05-30,2.42,2.67,2.84
2018-06-01,2.47,2.74,2.89
2018-08-28,2.67,2.77,2.88
2019-02-04,2.53,2.53,2.73
2020-09-03,0.13,0.24,0.63
2020-11-19,0.18,0.39,0.86
2021-08-19,0.22,0.78,1.24
2021-12-15,0.69,1.26,1.47
2022-06-28,3.10,3.25,3.20
2015-04-06,0.51,1.31,1.92
2017-09-21,1.45,1.89,2.27
2019-06-25,1.71,1.73,2.00
2020-04-27,0.24,0.41,0.67
2020-06-05,0.22,0.47,0.91
2020-09-22,0.13,0.27,0.68
2021-06-11,0.16,0.76,1.47
2021-11-01,0.50,1.20,1.58
2015-09-23,0.70,1.47,2.16
2016-12-23,1.22,2.04,2.55
2018-10-03,2.85,3.02,3.15
2018-07-20,2.60,2.77,2.89
2015-04-02,0.55,1.35,1.92
2022-10-10,.,.,.
2022-10-11,4.30,4.14,3.93
2022-10-12,4.28,4.12,3.91
2022-10-13,4.47,4.21,3.97
2022-10-14,4.48,4.25,4.00
2022-10-17,4.45,4.24,4.02
2022-10-18,4.43,4.21,4.01
2022-10-19,4.55,4.35,4.14
2022-10-20,4.62,4.45,4.24
2022-10-25,4.42,4.25,4.10
2022-10-26,4.39,4.20,4.04
2022-10-27,4.30,4.09,3.96
2022-10-28,4.41,4.19,4.02
2022-10-31,4.51,4.27,4.10
2022-11-01,4.54,4.27,4.07
2022-11-02,4.61,4.30,4.10
2022-11-03,4.71,4.36,4.14
2022-11-04,4.66,4.33,4.17
2022-11-07,4.72,4.39,4.22
2022-11-08,4.67,4.31,4.14
2022-11-09,4.61,4.27,4.12
2022-11-10,4.34,3.95,3.82
2022-11-11,.,.,.
2022-11-14,4.40,4.00,3.88
2022-11-15,4.37,3.93,3.80
2022-11-16,4.35,3.83,3.67
2022-11-18,4.51,3.99,3.82
2022-11-21,4.48,3.97,3.83
2022-11-22,4.47,3.93,3.76
2022-11-23,4.46,3.88,3.71
2022-11-24,.,.,.
2022-11-25,4.42,3.85,3.68
2022-11-28,4.46,3.88,3.69
2022-11-29,4.48,3.92,3.75
2022-11-30,4.38,3.82,3.68
2022-12-01,4.25,3.68,3.53
2022-12-05,4.41,3.80,3.60
2022-12-08,4.31,3.71,3.48
2022-12-09,4.33,3.75,3.57
2022-12-13,4.22,3.66,3.51
2022-12-14,4.23,3.64,3.49
2022-12-15,4.23,3.62,3.44
2022-12-16,4.17,3.61,3.48
2022-12-19,4.25,3.70,3.57
2022-12-20,4.25,3.79,3.69
2022-12-21,4.21,3.78,3.68
2022-12-22,4.24,3.79,3.67
2022-12-23,4.31,3.86,3.75
2022-12-26,.,.,.
2022-12-27,4.32,3.94,3.84
2022-12-29,4.34,3.94,3.83
2022-12-30,4.41,3.99,3.88
2023-01-02,.,.,.
2023-01-03,4.40,3.94,3.79
2023-01-04,4.36,3.85,3.69
2023-01-05,4.45,3.90,3.71
2023-01-06,4.24,3.69,3.55
2023-01-09,4.19,3.66,3.53
2023-01-10,4.24,3.72,3.61
2023-01-11,4.20,3.66,3.54
2023-01-12,4.12,3.53,3.43
2023-01-13,4.22,3.60,3.49
2023-01-16,.,.,.
2023-01-17,4.18,3.60,3.53
2023-01-18,4.06,3.43,3.37
2023-01-23,4.21,3.61,3.52
2023-01-24,4.12,3.58,3.46
2023-01-25,4.11,3.54,3.46
2023-01-26,4.17,3.58,3.49
2023-01-27,4.19,3.62,3.52
2023-01-30,4.25,3.68,3.55
2023-01-31,4.21,3.63,3.52
2023-02-01,4.09,3.48,3.39
2023-02-03,4.30,3.67,3.53
2023-02-06,4.44,3.81,3.63
2023-02-07,4.47,3.85,3.67
2023-02-08,4.45,3.82,3.63
2023-02-09,4.48,3.87,3.67
2023-02-10,4.50,3.93,3.74
2023-02-13,4.52,3.93,3.72
2023-02-14,4.60,4.00,3.77
2023-02-15,4.62,4.04,3.81
2023-02-16,4.62,4.06,3.86
2023-02-17,4.60,4.03,3.82
2023-02-20,.,.,.
2023-02-21,4.67,4.16,3.95
2023-02-22,4.66,4.13,3.93
2023-02-23,4.66,4.09,3.88
2023-02-24,4.78,4.19,3.95
2023-02-27,4.78,4.17,3.92
2023-02-28,4.81,4.18,3.92
2023-03-01,4.89,4.27,4.01
2023-03-02,4.89,4.32,4.08
2023-03-03,4.86,4.26,3.97
2023-03-06,4.89,4.27,3.98
2023-03-07,5.00,4.31,3.97
2023-03-09,4.90,4.22,3.93
2023-03-10,4.60,3.96,3.70
2023-03-13,4.03,3.68,3.55
2023-03-14,4.20,3.78,3.64
2023-03-15,3.93,3.59,3.51
2023-03-17,3.81,3.44,3.39
2023-03-21,4.17,3.73,3.59
2023-03-22,3.96,3.54,3.48
2023-03-23,3.76,3.39,3.38
2023-03-24,3.76,3.41,3.38
2023-03-27,3.94,3.59,3.53
2023-03-28,4.02,3.63,3.55
2023-03-29,4.08,3.67,3.57
2023-03-30,4.10,3.66,3.55
2023-03-31,4.06,3.60,3.48
2023-04-03,3.97,3.52,3.43
2023-04-04,3.84,3.39,3.35
2023-04-05,3.79,3.36,3.30
2023-04-07,3.97,3.49,3.39
2023-04-10,4.00,3.52,3.41
2023-04-11,4.03,3.54,3.43
2023-04-12,3.95,3.46,3.41
2023-04-13,3.96,3.51,3.45
2023-04-14,4.08,3.60,3.52
2023-04-17,4.18,3.69,3.60
2023-04-19,4.24,3.71,3.60
2023-04-20,4.14,3.63,3.54
2023-04-21,4.17,3.66,3.57
2023-04-24,4.12,3.60,3.52
2023-04-25,3.86,3.43,3.40
2023-04-26,3.90,3.46,3.43
2023-04-27,4.07,3.60,3.53
2023-04-28,4.04,3.51,3.44
2023-05-01,4.14,3.64,3.59
2023-05-02,3.97,3.46,3.44
2023-05-03,3.89,3.37,3.38
2023-05-08,4.00,3.49,3.52
2023-05-10,3.90,3.37,3.43
2023-05-11,3.89,3.36,3.39
2023-05-12,3.98,3.45,3.46
2023-05-15,3.99,3.46,3.50
2023-05-16,4.06,3.52,3.54
2023-05-18,4.24,3.69,3.65
2023-05-19,4.28,3.76,3.70
2023-05-22,4.29,3.77,3.72
2023-05-23,4.26,3.76,3.70
2023-05-25,4.50,3.90,3.83
2023-05-26,4.54,3.92,3.80
2023-05-29,.,.,.
2023-05-30,4.46,3.81,3.69
2023-05-31,4.40,3.74,3.64
2023-06-01,4.33,3.70,3.61
2023-06-02,4.50,3.84,3.69
2023-06-06,4.51,3.85,3.70
2023-06-07,4.56,3.93,3.79
2023-06-08,4.52,3.87,3.73
2023-06-09,4.59,3.92,3.75
2023-06-13,4.67,4.01,3.84
2023-06-14,4.74,4.06,3.83
2023-06-15,4.62,3.91,3.72
2023-06-16,4.70,3.99,3.77
2023-06-19,.,.,.
2023-06-20,4.68,3.96,3.74
2023-06-21,4.68,3.95,3.72
2023-06-22,4.77,4.03,3.80
2023-06-23,4.71,3.99,3.74
2023-06-26,4.65,3.96,3.72
2023-06-27,4.74,4.02,3.77
2023-06-29,4.87,4.14,3.85
2023-07-03,4.94,4.19,3.86
2023-07-04,.,.,.
2023-07-05,4.94,4.25,3.95
2023-07-06,4.99,4.37,4.05
2023-07-07,4.94,4.35,4.06
2023-07-10,4.85,4.25,4.01
2023-07-11,4.88,4.24,3.99
2023-07-12,4.72,4.07,3.86
2023-07-13,4.59,3.93,3.76
2023-07-14,4.74,4.04,3.83
2023-07-18,4.74,4.00,3.80
2023-07-19,4.74,3.98,3.75
2023-07-20,4.80,4.08,3.85
2023-07-21,4.82,4.09,3.84
2023-07-25,4.85,4.15,3.91
2023-07-26,4.82,4.09,3.86
2023-07-31,4.88,4.18,3.97
2023-08-01,4.92,4.24,4.05
2023-08-02,4.88,4.24,4.08
2023-08-04,4.78,4.15,4.05
2023-08-07,4.76,4.16,4.09
2023-08-08,4.74,4.10,4.02
2023-08-09,4.79,4.12,4.00
2023-08-10,4.82,4.21,4.09
2023-08-14,4.96,4.36,4.19
2023-08-15,4.92,4.36,4.21
2023-08-17,4.94,4.42,4.30
2023-08-18,4.92,4.38,4.26
2023-08-22,5.02,4.49,4.34
2023-08-23,4.95,4.36,4.19
2023-08-24,4.98,4.39,4.23
2023-08-25,5.03,4.44,4.25
2023-08-29,4.87,4.26,4.12
2023-08-31,4.85,4.23,4.09
2023-09-01,4.87,4.29,4.18
2023-09-04,.,.,.
2023-09-05,4.94,4.37,4.27
2023-09-06,5.01,4.44,4.30
2023-09-07,4.94,4.38,4.27
2023-09-08,4.98,4.39,4.26
2023-09-13,4.96,4.39,4.25
2023-09-14,5.00,4.42,4.29
2023-09-15,5.02,4.45,4.33
2023-09-18,5.05,4.46,4.32
2023-09-19,5.08,4.51,4.37
2023-09-20,5.12,4.52,4.35
2023-09-21,5.12,4.61,4.49
2023-09-26,5.04,4.62,4.56
2023-09-27,5.10,4.67,4.61
2023-09-28,5.04,4.62,4.59
2023-09-29,5.03,4.60,4.59
2023-10-02,5.12,4.72,4.69
2023-10-03,5.15,4.80,4.81
2023-10-04,5.05,4.72,4.73
2023-10-05,5.03,4.68,4.72
2023-10-06,5.08,4.75,4.78
2023-10-09,.,.,.
2023-10-11,4.99,4.59,4.58
2023-10-12,5.06,4.69,4.70
2023-10-13,5.04,4.65,4.63
2023-10-16,5.09,4.72,4.71
2023-10-17,5.19,4.86,4.83
2023-10-18,5.19,4.92,4.91
2023-10-20,5.07,4.86,4.93
2023-10-23,5.05,4.81,4.86
2023-10-24,5.02,4.82,4.83
2023-10-25,5.08,4.89,4.95
2023-10-26,5.02,4.79,4.86
2023-10-27,4.99,4.76,4.84
2023-10-30,5.03,4.80,4.88
2023-10-31,5.07,4.82,4.88
2023-11-01,4.95,4.67,4.77
2023-11-02,4.98,4.65,4.67
2023-11-03,4.83,4.49,4.57
2023-11-06,4.93,4.60,4.67
2023-11-07,4.91,4.53,4.58
2023-11-08,4.93,4.51,4.49
2023-11-09,5.03,4.65,4.62
2023-11-13,5.02,4.66,4.63
2023-11-14,4.80,4.42,4.44
2023-11-16,4.83,4.43,4.45
2023-11-17,4.88,4.45,4.44
2023-11-20,4.89,4.44,4.42
2023-11-22,4.89,4.44,4.42
2023-11-23,.,.,.
2023-11-24,4.92,4.49,4.47
2023-11-27,4.84,4.38,4.39
2023-11-28,4.73,4.29,4.34
2023-11-29,4.64,4.22,4.27
2023-11-30,4.73,4.31,4.37
2023-12-01,4.56,4.14,4.22
2023-12-04,4.64,4.23,4.28
2023-12-05,4.57,4.14,4.18
2023-12-07,4.58,4.11,4.14
2023-12-08,4.71,4.24,4.23
2023-12-11,4.71,4.25,4.23
2023-12-12,4.73,4.23,4.20
2023-12-13,4.46,4.00,4.04
2023-12-14,4.37,3.90,3.92
2023-12-15,4.44,3.91,3.91
2023-12-18,4.43,3.94,3.95
2023-12-19,4.41,3.94,3.93
2023-12-20,4.34,3.86,3.86
2023-12-21,4.33,3.87,3.89
2023-12-22,4.31,3.87,3.90
2023-12-25,.,.,.
2023-12-26,4.26,3.89,3.89
2023-12-27,4.20,3.78,3.79
2023-12-28,4.26,3.83,3.84
2023-12-29,4.23,3.84,3.88
2024-01-02,4.33,3.93,3.95
2024-01-03,4.33,3.90,3.91
2024-01-04,4.38,3.97,3.99
2024-01-05,4.40,4.02,4.05
2024-01-08,4.36,3.97,4.01
2024-01-09,4.36,3.97,4.02
2024-01-12,4.14,3.84,3.96
2024-01-15,.,.,.
2024-01-16,4.22,3.95,4.07
2024-01-17,4.34,4.02,4.10
2024-01-18,4.34,4.04,4.14
2024-01-19,4.39,4.08,4.15
2024-01-22,4.37,4.03,4.11
2024-01-23,4.31,4.06,4.14
2024-01-24,4.34,4.06,4.18
2024-01-25,4.28,4.01,4.14
2024-01-26,4.34,4.04,4.15
2024-01-29,4.29,3.97,4.08
2024-01-30,4.36,4.00,4.06
2024-01-31,4.27,3.91,3.99
2024-02-01,4.20,3.80,3.87
2024-02-02,4.36,3.99,4.03
2024-02-06,4.39,4.03,4.09
2024-02-07,4.41,4.06,4.09
2024-02-08,4.46,4.12,4.15
2024-02-09,4.48,4.14,4.17
2024-02-12,4.46,4.13,4.17
2024-02-13,4.64,4.31,4.31
2024-02-14,4.56,4.25,4.27
2024-02-15,4.56,4.22,4.24
2024-02-16,4.64,4.29,4.3
2024-02-19,.,.,.
2024-02-20,4.59,4.25,4.27
2024-02-21,4.64,4.3,4.32
2024-02-22,4.69,4.33,4.33
2024-02-26,4.69,4.29,4.28
2024-02-27,4.7,4.32,4.31
2024-02-28,4.64,4.26,4.27
2024-02-29,4.64,4.26,4.25
2024-03-04,4.61,4.21,4.22
2024-03-05,4.54,4.13,4.13
2024-03-06,4.55,4.12,4.11
2024-03-07,4.5,4.07,4.09
2024-03-08,4.48,4.06,4.09
2024-03-11,4.51,4.08,4.1
2024-03-13,4.61,4.19,4.19
2024-03-14,4.68,4.29,4.29
2024-03-15,4.72,4.33,4.31
2024-03-18,4.73,4.36,4.34
2024-03-19,4.68,4.31,4.3
2024-03-20,4.59,4.25,4.27
2024-03-21,4.62,4.26,4.27
2024-03-22,4.59,4.2,4.22
2024-03-25,4.54,4.23,4.25
2024-03-26,4.56,4.22,4.24
2024-03-27,4.54,4.18,4.2
2024-03-28,4.59,4.21,4.2
2024-03-29,.,.,.
2024-04-01,4.72,4.34,4.33
2024-04-02,4.7,4.35,4.36
2024-04-03,4.68,4.34,4.36
2024-04-04,4.65,4.3,4.31
2024-04-05,4.73,4.38,4.39
2024-04-08,4.78,4.43,4.42
2024-04-09,4.74,4.37,4.36
2024-04-10,4.97,4.61,4.55
2024-04-12,4.88,4.54,4.5
2024-04-15,4.93,4.65,4.63
2024-04-16,4.97,4.69,4.67
2024-04-17,4.93,4.62,4.59
2024-04-18,4.98,4.68,4.64
2024-04-19,4.97,4.66,4.62
2024-04-22,4.97,4.66,4.62
2024-04-23,4.86,4.63,4.61
2024-04-25,4.96,4.7,4.7
2024-04-26,4.96,4.68,4.67
2024-04-29,4.97,4.65,4.63
2024-04-30,5.04,4.72,4.69
2024-05-01,4.96,4.64,4.63
2024-05-02,4.87,4.57,4.58
2024-05-03,4.81,4.48,4.5
2024-05-06,4.82,4.48,4.49
2024-05-09,4.8,4.47,4.45
2024-05-10,4.87,4.52,4.5
2024-05-13,4.85,4.5,4.48
2024-05-14,4.81,4.46,4.45
2024-05-15,4.73,4.35,4.36
2024-05-16,4.78,4.4,4.38
2024-05-17,4.83,4.44,4.42
2024-05-20,4.82,4.46,4.44
2024-05-21,4.82,4.43,4.41
2024-05-22,4.86,4.47,4.43
2024-05-24,4.93,4.53,4.46
2024-05-27,.,.,.
2024-05-29,4.96,4.63,4.61
2024-05-30,4.92,4.57,4.55
2024-06-03,4.82,4.42,4.41
2024-06-04,4.77,4.35,4.33
2024-06-06,4.72,4.29,4.28
2024-06-10,4.87,4.48,4.47
2024-06-11,4.81,4.41,4.39
2024-06-12,4.75,4.32,4.31
2024-06-13,4.68,4.24,4.24
2024-06-14,4.67,4.22,4.2
2024-06-17,4.75,4.3,4.28
2024-06-18,4.69,4.24,4.22
2024-06-20,4.7,4.26,4.25
2024-06-21,4.7,4.26,4.25
2024-06-24,4.71,4.27,4.25
2024-06-25,4.65,4.25,4.23
2024-06-26,4.71,4.32,4.32
2024-06-27,4.7,4.29,4.29
2024-07-01,4.77,4.44,4.48
2024-07-02,4.74,4.39,4.43
2024-07-03,4.71,4.33,4.36
2024-07-04,.,.,.
2024-07-05,4.6,4.22,4.28
2024-07-08,4.62,4.23,4.28
2024-07-09,4.62,4.24,4.3
2024-07-10,4.62,4.24,4.28
2024-07-11,4.5,4.13,4.2
2024-07-12,4.45,4.1,4.18
2024-07-15,4.44,4.13,4.23
2024-07-16,4.43,4.09,4.17
2024-07-17,4.42,4.07,4.16
2024-07-18,4.46,4.11,4.2
2024-07-19,4.49,4.16,4.25
2024-07-22,4.5,4.17,4.26
2024-07-24,4.37,4.12,4.28
2024-07-25,4.41,4.13,4.27
2024-07-29,4.36,4.05,4.17
2024-07-30,4.35,4.03,4.15
2024-07-31,4.29,3.97,4.09
2024-08-01,4.16,3.84,3.99
2024-08-05,3.89,3.62,3.78
2024-08-06,3.99,3.73,3.9
2024-08-07,4.0,3.79,3.96
2024-08-08,4.04,3.83,3.99
2024-08-09,4.05,3.8,3.94
2024-08-12,4.01,3.75,3.9
2024-08-14,3.94,3.67,3.83
2024-08-15,4.08,3.79,3.92
2024-08-16,4.06,3.77,3.89
2024-08-19,4.06,3.75,3.86
2024-08-20,3.99,3.7,3.82
2024-08-21,3.92,3.64,3.79
2024-08-22,3.99,3.72,3.86
2024-08-23,3.9,3.65,3.81
2024-08-27,3.83,3.66,3.83
2024-08-28,3.83,3.63,3.84
2024-08-29,3.87,3.66,3.87
2024-08-30,3.91,3.71,3.91
2024-09-03,3.88,3.65,3.84
2024-09-05,3.75,3.54,3.73
2024-09-06,3.66,3.5,3.72
2024-09-10,3.59,3.43,3.65
2024-09-11,3.62,3.45,3.65
2024-09-16,3.56,3.41,3.63
2024-09-17,3.59,3.44,3.65
2024-09-18,3.61,3.47,3.7
2024-09-19,3.59,3.49,3.73
2024-09-20,3.55,3.48,3.73
2024-09-23,3.57,3.51,3.75
2024-09-24,3.49,3.47,3.74
2024-09-25,3.53,3.52,3.79
2024-09-26,3.6,3.55,3.79
2024-09-27,3.55,3.5,3.75
2024-09-30,3.66,3.58,3.81
2024-10-01,3.61,3.51,3.74
2024-10-03,3.7,3.62,3.85
2024-10-04,3.93,3.81,3.98
2024-10-07,3.99,3.86,4.03
2024-10-09,3.99,3.91,4.06
2024-10-10,3.98,3.91,4.09
2024-10-11,3.95,3.88,4.08
2024-10-14,.,.,.
2024-10-15,3.95,3.86,4.03
2024-10-17,3.96,3.9,4.09
2024-10-18,3.95,3.88,4.08
2024-10-21,4.02,3.98,4.19
2024-10-22,4.03,4.0,4.2
2024-10-23,4.07,4.05,4.24
2024-10-24,4.07,4.03,4.21
2024-10-25,4.11,4.07,4.25
2024-10-29,4.11,4.11,4.28
2024-10-30,4.15,4.14,4.29
2024-10-31,4.16,4.15,4.28
2024-11-04,4.17,4.17,4.31
2024-11-07,4.21,4.17,4.31
2024-11-08,4.26,4.2,4.3
2024-11-11,.,.,.
2024-11-12,4.34,4.32,4.43
2024-11-14,4.34,4.32,4.43
2024-11-18,4.29,4.28,4.42
2024-11-19,4.27,4.25,4.39
2024-11-20,4.31,4.28,4.41
2024-11-21,4.34,4.3,4.43
2024-11-22,4.37,4.3,4.41
2024-11-25,4.21,4.17,4.27
2024-11-27,4.19,4.11,4.25
2024-11-28,.,.,.
2024-12-02,4.17,4.08,4.19
2024-12-03,4.17,4.11,4.23
2022-10-21,4.49,4.34,4.21
2022-11-17,4.43,3.93,3.77
2022-12-02,4.28,3.67,3.51
2022-12-07,4.26,3.62,3.42
2022-12-28,4.31,3.97,3.88
2023-01-20,4.14,3.56,3.48
2023-02-02,4.09,3.49,3.40
2023-03-08,5.05,4.34,3.98
2023-03-16,4.14,3.72,3.56
2023-04-18,4.19,3.69,3.58
2023-05-05,3.92,3.41,3.44
2023-05-09,4.01,3.51,3.53
2023-05-17,4.12,3.58,3.57
2023-05-24,4.31,3.75,3.73
2023-06-05,4.46,3.82,3.69
2023-06-12,4.55,3.89,3.73
2023-06-28,4.71,3.97,3.71
2023-07-17,4.74,4.02,3.81
2023-07-24,4.81,4.13,3.86
2023-07-27,4.91,4.24,4.01
2023-07-28,4.87,4.18,3.96
2023-08-03,4.90,4.30,4.20
2023-08-11,4.89,4.31,4.16
2023-08-28,4.98,4.38,4.20
2023-09-12,4.98,4.41,4.27
2023-10-10,4.96,4.62,4.66
2023-10-19,5.14,4.95,4.98
2023-11-10,5.04,4.65,4.61
2023-11-15,4.90,4.52,4.53
2023-12-06,4.60,4.12,4.12
2024-01-01,.,.,.
2024-01-11,4.26,3.90,3.98
2024-02-05,4.46,4.13,4.17
2024-03-12,4.58,4.15,4.16
2024-05-07,4.82,4.48,4.47
2024-05-23,4.91,4.52,4.47
2024-05-28,4.94,4.56,4.54
2024-06-07,4.87,4.46,4.43
2024-06-19,.,.,.
2024-06-28,4.71,4.33,4.36
2024-07-23,4.4,4.15,4.25
2024-07-26,4.36,4.06,4.2
2024-08-02,3.88,3.62,3.8
2024-08-26,3.91,3.66,3.82
2024-09-02,.,.,.
2024-09-04,3.76,3.56,3.77
2024-09-09,3.68,3.49,3.7
2024-09-13,3.57,3.43,3.66
2024-10-02,3.63,3.55,3.79
2024-10-08,3.98,3.86,4.04
2024-10-16,3.93,3.84,4.02
2024-10-28,4.12,4.11,4.28
2024-11-01,4.21,4.22,4.37
2024-11-05,4.19,4.16,4.26
2024-11-06,4.27,4.27,4.42
2024-11-15,4.31,4.3,4.43
2024-11-26,4.21,4.17,4.3
2024-11-29,4.13,4.05,4.18
2022-10-24,4.50,4.36,4.25
2022-12-12,4.39,3.80,3.61
2023-01-19,4.09,3.48,3.39
2023-03-20,3.92,3.56,3.47
2023-04-06,3.82,3.37,3.30
2023-05-04,3.75,3.29,3.37
2023-08-16,4.97,4.42,4.28
2023-08-30,4.90,4.27,4.12
2023-09-11,4.97,4.40,4.29
2023-09-22,5.10,4.57,4.44
2024-02-23,4.67,4.28,4.26
2024-03-01,4.54,4.17,4.19
2024-05-08,4.84,4.5,4.48
2024-05-31,4.89,4.52,4.51
2024-08-13,3.93,3.68,3.85
2024-09-12,3.64,3.47,3.68
2023-06-30,4.87,4.13,3.81
2023-08-21,4.97,4.46,4.34
2023-09-25,5.09,4.62,4.55
2023-11-21,4.86,4.41,4.41
2024-01-10,4.37,3.99,4.04
2024-04-24,4.89,4.64,4.65
2022-12-06,4.34,3.73,3.51
2024-04-11,4.93,4.61,4.56
2024-06-05,4.72,4.31,4.29
2024-11-13,4.27,4.3,4.44
